"Date","Hospital","Respiratory.support.offered","Bed.capacity","Beds.available","Waiting.numbers"
"06-Jul-2021 00:00","Nakasero hospital ltd","IMV & NIV","4 ICU/ 12 HDU","3 HDU",0
"06-Jul-2021 00:00","Kampala hospital ltd","IMV & NIV","4 ICU","1 ICU",0
"06-Jul-2021 00:00","International hospital kampala","IMV & NIV","4 ICU&3HDU","1 ICU & 2 HDU",0
"06-Jul-2021 00:00","Medipal international hospital","HFO, NIV & IMV","9 ICU","FULL",0
"06-Jul-2021 00:00","TMR international hospital","NIV, IMV","17 ICU & 24HDU","3 ICU & 2 HDU",0
"06-Jul-2021 00:00","Case medical centre","NIV, IMV","7 ICU","1ICU & 2HDU",0
"06-Jul-2021 00:00","Norvik Hospital","NIV, IMV","5 ICU","FULL",0
"06-Jul-2021 00:00","Platinum hospital","NIV, IMV","4 ICU","1ICU",0
"06-Jul-2021 00:00","Mengo Hospital","HFO & NIV","4 ICU","FULL",NA
"06-Jul-2021 00:00","Nsambya hospital","NIV, IMV","6 ICU","1 ICU",NA
"06-Jul-2021 00:00","Rubaga Hospital","NIV, IMV","3 ICU","FULL",NA
"06-Jul-2021 00:00","UMC Victoria Hospital","NIV, IMV","7 ICU & 7 HDU","FULL",NA
"07-Jul-2021 00:00","Nakasero hospital ltd","IMV & NIV","4 ICU/ 12 HDU","3 HDU",0
"07-Jul-2021 00:00","Kampala hospital ltd","IMV & NIV","4 ICU","2 ICU",0
"07-Jul-2021 00:00","International hospital kampala","IMV & NIV","4 ICU&3HDU","1 ICU & 3 HDU",0
"07-Jul-2021 00:00","Medipal international hospital","HFO, NIV & IMV","9 ICU","1ICU",0
"07-Jul-2021 00:00","TMR international hospital","NIV, IMV","17 ICU & 24HDU","3 ICU & 2 HDU",0
"07-Jul-2021 00:00","Case medical centre","NIV, IMV","7 ICU","2 ICU & 2HDU",0
"07-Jul-2021 00:00","Norvik Hospital","NIV, IMV","5 ICU","FULL",0
"07-Jul-2021 00:00","Platinum hospital","NIV, IMV","4 ICU","1ICU",0
"07-Jul-2021 00:00","Mengo Hospital","HFO & NIV","4 ICU","FULL",NA
"07-Jul-2021 00:00","Nsambya hospital","NIV, IMV","6 ICU","1 ICU",NA
"07-Jul-2021 00:00","Rubaga Hospital","NIV, IMV","3 ICU","FULL",NA
"07-Jul-2021 00:00","UMC Victoria Hospital","NIV, IMV","7 ICU & 7 HDU","FULL",NA
"08-Jul-2021 00:00","Nakasero hospital ltd","IMV & NIV","4 ICU/ 12 HDU","FULL",0
"08-Jul-2021 00:00","Kampala hospital ltd","IMV & NIV","4 ICU","2 ICU",0
"08-Jul-2021 00:00","International hospital kampala","IMV & NIV","4 ICU&3HDU","1 HDU",0
"08-Jul-2021 00:00","Medipal international hospital","HFO, NIV & IMV","9 ICU","2 ICU",0
"08-Jul-2021 00:00","TMR international hospital","NIV, IMV","17 ICU & 24HDU","3 ICU & 2 HDU",0
"08-Jul-2021 00:00","Case medical centre","NIV, IMV","7 ICU","2 ICU & 2HDU",0
"08-Jul-2021 00:00","Norvik Hospital","NIV, IMV","5 ICU","FULL",0
"08-Jul-2021 00:00","Platinum hospital","NIV, IMV","4 ICU","1ICU",0
"08-Jul-2021 00:00","Mengo Hospital","HFO & NIV","4 ICU","FULL",NA
"08-Jul-2021 00:00","Nsambya hospital","NIV, IMV","6 ICU","FULL",NA
"08-Jul-2021 00:00","Rubaga Hospital","NIV, IMV","3 ICU","FULL",NA
"08-Jul-2021 00:00","UMC Victoria Hospital","NIV, IMV","7 ICU & 7 HDU","FULL",NA
"09-Jul-2021 00:55","Nakasero hospital ltd","IMV & NIV","4 ICU/ 12 HDU","FULL",0
"09-Jul-2021 00:55","Kampala hospital ltd","IMV & NIV","4 ICU","2 ICU",0
"09-Jul-2021 00:55","International hospital kampala","IMV & NIV","4 ICU&3HDU","1 HDU",0
"09-Jul-2021 00:55","Medipal international hospital","HFO, NIV & IMV","9 ICU","2 ICU",0
"09-Jul-2021 00:55","TMR international hospital","NIV, IMV","17 ICU & 24HDU","3 ICU & 2 HDU",0
"09-Jul-2021 00:55","Case medical centre","NIV, IMV","7 ICU","2 ICU & 2HDU",0
"09-Jul-2021 00:55","Norvik Hospital","NIV, IMV","5 ICU","FULL",0
"09-Jul-2021 00:55","Platinum hospital","NIV, IMV","4 ICU","1ICU",0
"09-Jul-2021 00:55","Mengo Hospital","HFO & NIV","4 ICU","FULL",NA
"09-Jul-2021 00:55","Nsambya hospital","NIV, IMV","6 ICU","FULL",NA
"09-Jul-2021 00:55","Rubaga Hospital","NIV, IMV","3 ICU","FULL",NA
"09-Jul-2021 00:55","UMC Victoria Hospital","NIV, IMV","7 ICU & 7 HDU","FULL",NA
"09-Jul-2021 02:03","Nakasero hospital ltd","IMV & NIV","4 ICU/ 12 HDU","FULL",0
"09-Jul-2021 02:03","Kampala hospital ltd","IMV & NIV","4 ICU","2 ICU",0
"09-Jul-2021 02:03","International hospital kampala","IMV & NIV","4 ICU&3HDU","1 HDU",0
"09-Jul-2021 02:03","Medipal international hospital","HFO, NIV & IMV","9 ICU","2 ICU",0
"09-Jul-2021 02:03","TMR international hospital","NIV, IMV","17 ICU & 24HDU","3 ICU & 2 HDU",0
"09-Jul-2021 02:03","Case medical centre","NIV, IMV","7 ICU","2 ICU & 2HDU",0
"09-Jul-2021 02:03","Norvik Hospital","NIV, IMV","5 ICU","FULL",0
"09-Jul-2021 02:03","Platinum hospital","NIV, IMV","4 ICU","1ICU",0
"09-Jul-2021 02:03","Mengo Hospital","HFO & NIV","4 ICU","FULL",NA
"09-Jul-2021 02:03","Nsambya hospital","NIV, IMV","6 ICU","FULL",NA
"09-Jul-2021 02:03","Rubaga Hospital","NIV, IMV","3 ICU","FULL",NA
"09-Jul-2021 02:03","UMC Victoria Hospital","NIV, IMV","7 ICU & 7 HDU","FULL",NA
"09-Jul-2021 03:20","Nakasero hospital ltd","IMV & NIV","4 ICU/ 12 HDU","FULL",0
"09-Jul-2021 03:20","Kampala hospital ltd","IMV & NIV","4 ICU","2 ICU",0
"09-Jul-2021 03:20","International hospital kampala","IMV & NIV","4 ICU&3HDU","1 HDU",0
"09-Jul-2021 03:20","Medipal international hospital","HFO, NIV & IMV","9 ICU","2 ICU",0
"09-Jul-2021 03:20","TMR international hospital","NIV, IMV","17 ICU & 24HDU","3 ICU & 2 HDU",0
"09-Jul-2021 03:20","Case medical centre","NIV, IMV","7 ICU","2 ICU & 2HDU",0
"09-Jul-2021 03:20","Norvik Hospital","NIV, IMV","5 ICU","FULL",0
"09-Jul-2021 03:20","Platinum hospital","NIV, IMV","4 ICU","1ICU",0
"09-Jul-2021 03:20","Mengo Hospital","HFO & NIV","4 ICU","FULL",NA
"09-Jul-2021 03:20","Nsambya hospital","NIV, IMV","6 ICU","FULL",NA
"09-Jul-2021 03:20","Rubaga Hospital","NIV, IMV","3 ICU","FULL",NA
"09-Jul-2021 03:20","UMC Victoria Hospital","NIV, IMV","7 ICU & 7 HDU","FULL",NA
"09-Jul-2021 04:23","Nakasero hospital ltd","IMV & NIV","4 ICU/ 12 HDU","FULL",0
"09-Jul-2021 04:23","Kampala hospital ltd","IMV & NIV","4 ICU","2 ICU",0
"09-Jul-2021 04:23","International hospital kampala","IMV & NIV","4 ICU&3HDU","1 HDU",0
"09-Jul-2021 04:23","Medipal international hospital","HFO, NIV & IMV","9 ICU","2 ICU",0
"09-Jul-2021 04:23","TMR international hospital","NIV, IMV","17 ICU & 24HDU","3 ICU & 2 HDU",0
"09-Jul-2021 04:23","Case medical centre","NIV, IMV","7 ICU","2 ICU & 2HDU",0
"09-Jul-2021 04:23","Norvik Hospital","NIV, IMV","5 ICU","FULL",0
"09-Jul-2021 04:23","Platinum hospital","NIV, IMV","4 ICU","1ICU",0
"09-Jul-2021 04:23","Mengo Hospital","HFO & NIV","4 ICU","FULL",NA
"09-Jul-2021 04:23","Nsambya hospital","NIV, IMV","6 ICU","FULL",NA
"09-Jul-2021 04:23","Rubaga Hospital","NIV, IMV","3 ICU","FULL",NA
"09-Jul-2021 04:23","UMC Victoria Hospital","NIV, IMV","7 ICU & 7 HDU","FULL",NA
"09-Jul-2021 05:16","Nakasero hospital ltd","IMV & NIV","4 ICU/ 12 HDU","FULL",0
"09-Jul-2021 05:16","Kampala hospital ltd","IMV & NIV","4 ICU","2 ICU",0
"09-Jul-2021 05:16","International hospital kampala","IMV & NIV","4 ICU&3HDU","1 HDU",0
"09-Jul-2021 05:16","Medipal international hospital","HFO, NIV & IMV","9 ICU","2 ICU",0
"09-Jul-2021 05:16","TMR international hospital","NIV, IMV","17 ICU & 24HDU","3 ICU & 2 HDU",0
"09-Jul-2021 05:16","Case medical centre","NIV, IMV","7 ICU","2 ICU & 2HDU",0
"09-Jul-2021 05:16","Norvik Hospital","NIV, IMV","5 ICU","FULL",0
"09-Jul-2021 05:16","Platinum hospital","NIV, IMV","4 ICU","1ICU",0
"09-Jul-2021 05:16","Mengo Hospital","HFO & NIV","4 ICU","FULL",NA
"09-Jul-2021 05:16","Nsambya hospital","NIV, IMV","6 ICU","FULL",NA
"09-Jul-2021 05:16","Rubaga Hospital","NIV, IMV","3 ICU","FULL",NA
"09-Jul-2021 05:16","UMC Victoria Hospital","NIV, IMV","7 ICU & 7 HDU","FULL",NA
"09-Jul-2021 06:22","Nakasero hospital ltd","IMV & NIV","4 ICU/ 12 HDU","FULL",0
"09-Jul-2021 06:22","Kampala hospital ltd","IMV & NIV","4 ICU","2 ICU",0
"09-Jul-2021 06:22","International hospital kampala","IMV & NIV","4 ICU&3HDU","1 HDU",0
"09-Jul-2021 06:22","Medipal international hospital","HFO, NIV & IMV","9 ICU","2 ICU",0
"09-Jul-2021 06:22","TMR international hospital","NIV, IMV","17 ICU & 24HDU","3 ICU & 2 HDU",0
"09-Jul-2021 06:22","Case medical centre","NIV, IMV","7 ICU","2 ICU & 2HDU",0
"09-Jul-2021 06:22","Norvik Hospital","NIV, IMV","5 ICU","FULL",0
"09-Jul-2021 06:22","Platinum hospital","NIV, IMV","4 ICU","1ICU",0
"09-Jul-2021 06:22","Mengo Hospital","HFO & NIV","4 ICU","FULL",NA
"09-Jul-2021 06:22","Nsambya hospital","NIV, IMV","6 ICU","FULL",NA
"09-Jul-2021 06:22","Rubaga Hospital","NIV, IMV","3 ICU","FULL",NA
"09-Jul-2021 06:22","UMC Victoria Hospital","NIV, IMV","7 ICU & 7 HDU","FULL",NA
"09-Jul-2021 07:17","Nakasero hospital ltd","IMV & NIV","4 ICU/ 12 HDU","FULL",0
"09-Jul-2021 07:17","Kampala hospital ltd","IMV & NIV","4 ICU","2 ICU",0
"09-Jul-2021 07:17","International hospital kampala","IMV & NIV","4 ICU&3HDU","1 HDU",0
"09-Jul-2021 07:17","Medipal international hospital","HFO, NIV & IMV","9 ICU","2 ICU",0
"09-Jul-2021 07:17","TMR international hospital","NIV, IMV","17 ICU & 24HDU","3 ICU & 2 HDU",0
"09-Jul-2021 07:17","Case medical centre","NIV, IMV","7 ICU","2 ICU & 2HDU",0
"09-Jul-2021 07:17","Norvik Hospital","NIV, IMV","5 ICU","FULL",0
"09-Jul-2021 07:17","Platinum hospital","NIV, IMV","4 ICU","1ICU",0
"09-Jul-2021 07:17","Mengo Hospital","HFO & NIV","4 ICU","FULL",NA
"09-Jul-2021 07:17","Nsambya hospital","NIV, IMV","6 ICU","FULL",NA
"09-Jul-2021 07:17","Rubaga Hospital","NIV, IMV","3 ICU","FULL",NA
"09-Jul-2021 07:17","UMC Victoria Hospital","NIV, IMV","7 ICU & 7 HDU","FULL",NA
"09-Jul-2021 08:20","Nakasero hospital ltd","IMV & NIV","4 ICU/ 12 HDU","FULL",0
"09-Jul-2021 08:20","Kampala hospital ltd","IMV & NIV","4 ICU","2 ICU",0
"09-Jul-2021 08:20","International hospital kampala","IMV & NIV","4 ICU&3HDU","1 HDU",0
"09-Jul-2021 08:20","Medipal international hospital","HFO, NIV & IMV","9 ICU","2 ICU",0
"09-Jul-2021 08:20","TMR international hospital","NIV, IMV","17 ICU & 24HDU","3 ICU & 2 HDU",0
"09-Jul-2021 08:20","Case medical centre","NIV, IMV","7 ICU","2 ICU & 2HDU",0
"09-Jul-2021 08:20","Norvik Hospital","NIV, IMV","5 ICU","FULL",0
"09-Jul-2021 08:20","Platinum hospital","NIV, IMV","4 ICU","1ICU",0
"09-Jul-2021 08:20","Mengo Hospital","HFO & NIV","4 ICU","FULL",NA
"09-Jul-2021 08:20","Nsambya hospital","NIV, IMV","6 ICU","FULL",NA
"09-Jul-2021 08:20","Rubaga Hospital","NIV, IMV","3 ICU","FULL",NA
"09-Jul-2021 08:20","UMC Victoria Hospital","NIV, IMV","7 ICU & 7 HDU","FULL",NA
"09-Jul-2021 09:19","Nakasero hospital ltd","IMV & NIV","4 ICU/ 12 HDU","FULL",0
"09-Jul-2021 09:19","Kampala hospital ltd","IMV & NIV","4 ICU","2 ICU",0
"09-Jul-2021 09:19","International hospital kampala","IMV & NIV","4 ICU&3HDU","1 HDU",0
"09-Jul-2021 09:19","Medipal international hospital","HFO, NIV & IMV","9 ICU","2 ICU",0
"09-Jul-2021 09:19","TMR international hospital","NIV, IMV","17 ICU & 24HDU","3 ICU & 2 HDU",0
"09-Jul-2021 09:19","Case medical centre","NIV, IMV","7 ICU","2 ICU & 2HDU",0
"09-Jul-2021 09:19","Norvik Hospital","NIV, IMV","5 ICU","FULL",0
"09-Jul-2021 09:19","Platinum hospital","NIV, IMV","4 ICU","1ICU",0
"09-Jul-2021 09:19","Mengo Hospital","HFO & NIV","4 ICU","FULL",NA
"09-Jul-2021 09:19","Nsambya hospital","NIV, IMV","6 ICU","FULL",NA
"09-Jul-2021 09:19","Rubaga Hospital","NIV, IMV","3 ICU","FULL",NA
"09-Jul-2021 09:19","UMC Victoria Hospital","NIV, IMV","7 ICU & 7 HDU","FULL",NA
"09-Jul-2021 10:19","Nakasero hospital ltd","IMV & NIV","4 ICU/ 12 HDU","FULL",0
"09-Jul-2021 10:19","Kampala hospital ltd","IMV & NIV","4 ICU","2 ICU",0
"09-Jul-2021 10:19","International hospital kampala","IMV & NIV","4 ICU&3HDU","1 HDU",0
"09-Jul-2021 10:19","Medipal international hospital","HFO, NIV & IMV","9 ICU","2 ICU",0
"09-Jul-2021 10:19","TMR international hospital","NIV, IMV","17 ICU & 24HDU","3 ICU & 2 HDU",0
"09-Jul-2021 10:19","Case medical centre","NIV, IMV","7 ICU","2 ICU & 2HDU",0
"09-Jul-2021 10:19","Norvik Hospital","NIV, IMV","5 ICU","FULL",0
"09-Jul-2021 10:19","Platinum hospital","NIV, IMV","4 ICU","1ICU",0
"09-Jul-2021 10:19","Mengo Hospital","HFO & NIV","4 ICU","FULL",NA
"09-Jul-2021 10:19","Nsambya hospital","NIV, IMV","6 ICU","FULL",NA
"09-Jul-2021 10:19","Rubaga Hospital","NIV, IMV","3 ICU","FULL",NA
"09-Jul-2021 10:19","UMC Victoria Hospital","NIV, IMV","7 ICU & 7 HDU","FULL",NA
"09-Jul-2021 11:15","Nakasero hospital ltd","IMV & NIV","4 ICU/ 12 HDU","FULL",0
"09-Jul-2021 11:15","Kampala hospital ltd","IMV & NIV","4 ICU","2 ICU",0
"09-Jul-2021 11:15","International hospital kampala","IMV & NIV","4 ICU&3HDU","1 HDU",0
"09-Jul-2021 11:15","Medipal international hospital","HFO, NIV & IMV","9 ICU","2 ICU",0
"09-Jul-2021 11:15","TMR international hospital","NIV, IMV","17 ICU & 24HDU","3 ICU & 2 HDU",0
"09-Jul-2021 11:15","Case medical centre","NIV, IMV","7 ICU","2 ICU & 2HDU",0
"09-Jul-2021 11:15","Norvik Hospital","NIV, IMV","5 ICU","FULL",0
"09-Jul-2021 11:15","Platinum hospital","NIV, IMV","4 ICU","1ICU",0
"09-Jul-2021 11:15","Mengo Hospital","HFO & NIV","4 ICU","FULL",NA
"09-Jul-2021 11:15","Nsambya hospital","NIV, IMV","6 ICU","FULL",NA
"09-Jul-2021 11:15","Rubaga Hospital","NIV, IMV","3 ICU","FULL",NA
"09-Jul-2021 11:15","UMC Victoria Hospital","NIV, IMV","7 ICU & 7 HDU","FULL",NA
"09-Jul-2021 12:27","Nakasero hospital ltd","IMV & NIV","4 ICU/ 12 HDU","FULL",0
"09-Jul-2021 12:27","Kampala hospital ltd","IMV & NIV","4 ICU","2 ICU",0
"09-Jul-2021 12:27","International hospital kampala","IMV & NIV","4 ICU&3HDU","1 HDU",0
"09-Jul-2021 12:27","Medipal international hospital","HFO, NIV & IMV","9 ICU","2 ICU",0
"09-Jul-2021 12:27","TMR international hospital","NIV, IMV","17 ICU & 24HDU","3 ICU & 2 HDU",0
"09-Jul-2021 12:27","Case medical centre","NIV, IMV","7 ICU","2 ICU & 2HDU",0
"09-Jul-2021 12:27","Norvik Hospital","NIV, IMV","5 ICU","FULL",0
"09-Jul-2021 12:27","Platinum hospital","NIV, IMV","4 ICU","1ICU",0
"09-Jul-2021 12:27","Mengo Hospital","HFO & NIV","4 ICU","FULL",NA
"09-Jul-2021 12:27","Nsambya hospital","NIV, IMV","6 ICU","FULL",NA
"09-Jul-2021 12:27","Rubaga Hospital","NIV, IMV","3 ICU","FULL",NA
"09-Jul-2021 12:27","UMC Victoria Hospital","NIV, IMV","7 ICU & 7 HDU","FULL",NA
"09-Jul-2021 13:22","Nakasero hospital ltd","IMV & NIV","4 ICU/ 12 HDU","FULL",0
"09-Jul-2021 13:22","Kampala hospital ltd","IMV & NIV","4 ICU","2 ICU",0
"09-Jul-2021 13:22","International hospital kampala","IMV & NIV","4 ICU&3HDU","1 HDU",0
"09-Jul-2021 13:22","Medipal international hospital","HFO, NIV & IMV","9 ICU","2 ICU",0
"09-Jul-2021 13:22","TMR international hospital","NIV, IMV","17 ICU & 24HDU","3 ICU & 2 HDU",0
"09-Jul-2021 13:22","Case medical centre","NIV, IMV","7 ICU","2 ICU & 2HDU",0
"09-Jul-2021 13:22","Norvik Hospital","NIV, IMV","5 ICU","FULL",0
"09-Jul-2021 13:22","Platinum hospital","NIV, IMV","4 ICU","1ICU",0
"09-Jul-2021 13:22","Mengo Hospital","HFO & NIV","4 ICU","FULL",NA
"09-Jul-2021 13:22","Nsambya hospital","NIV, IMV","6 ICU","FULL",NA
"09-Jul-2021 13:22","Rubaga Hospital","NIV, IMV","3 ICU","FULL",NA
"09-Jul-2021 13:22","UMC Victoria Hospital","NIV, IMV","7 ICU & 7 HDU","FULL",NA
"09-Jul-2021 14:17","Nakasero hospital ltd","IMV & NIV","4 ICU/ 12 HDU","FULL",0
"09-Jul-2021 14:17","Kampala hospital ltd","IMV & NIV","4 ICU","2 ICU",0
"09-Jul-2021 14:17","International hospital kampala","IMV & NIV","4 ICU&3HDU","1 HDU",0
"09-Jul-2021 14:17","Medipal international hospital","HFO, NIV & IMV","9 ICU","2 ICU",0
"09-Jul-2021 14:17","TMR international hospital","NIV, IMV","17 ICU & 24HDU","3 ICU & 2 HDU",0
"09-Jul-2021 14:17","Case medical centre","NIV, IMV","7 ICU","2 ICU & 2HDU",0
"09-Jul-2021 14:17","Norvik Hospital","NIV, IMV","5 ICU","FULL",0
"09-Jul-2021 14:17","Platinum hospital","NIV, IMV","4 ICU","1ICU",0
"09-Jul-2021 14:17","Mengo Hospital","HFO & NIV","4 ICU","FULL",NA
"09-Jul-2021 14:17","Nsambya hospital","NIV, IMV","6 ICU","FULL",NA
"09-Jul-2021 14:17","Rubaga Hospital","NIV, IMV","3 ICU","FULL",NA
"09-Jul-2021 14:17","UMC Victoria Hospital","NIV, IMV","7 ICU & 7 HDU","FULL",NA
"09-Jul-2021 15:22","Nakasero hospital ltd","IMV & NIV","4 ICU/ 12 HDU","FULL",0
"09-Jul-2021 15:22","Kampala hospital ltd","IMV & NIV","4 ICU","2 ICU",0
"09-Jul-2021 15:22","International hospital kampala","IMV & NIV","4 ICU&3HDU","1 HDU",0
"09-Jul-2021 15:22","Medipal international hospital","HFO, NIV & IMV","9 ICU","2 ICU",0
"09-Jul-2021 15:22","TMR international hospital","NIV, IMV","17 ICU & 24HDU","3 ICU & 2 HDU",0
"09-Jul-2021 15:22","Case medical centre","NIV, IMV","7 ICU","2 ICU & 2HDU",0
"09-Jul-2021 15:22","Norvik Hospital","NIV, IMV","5 ICU","FULL",0
"09-Jul-2021 15:22","Platinum hospital","NIV, IMV","4 ICU","1ICU",0
"09-Jul-2021 15:22","Mengo Hospital","HFO & NIV","4 ICU","FULL",NA
"09-Jul-2021 15:22","Nsambya hospital","NIV, IMV","6 ICU","FULL",NA
"09-Jul-2021 15:22","Rubaga Hospital","NIV, IMV","3 ICU","FULL",NA
"09-Jul-2021 15:22","UMC Victoria Hospital","NIV, IMV","7 ICU & 7 HDU","FULL",NA
"09-Jul-2021 16:28","Nakasero hospital ltd","IMV & NIV","4 ICU/ 12 HDU","FULL",0
"09-Jul-2021 16:28","Kampala hospital ltd","IMV & NIV","4 ICU","2 ICU",0
"09-Jul-2021 16:28","International hospital kampala","IMV & NIV","4 ICU&3HDU","1 HDU",0
"09-Jul-2021 16:28","Medipal international hospital","HFO, NIV & IMV","9 ICU","2 ICU",0
"09-Jul-2021 16:28","TMR international hospital","NIV, IMV","17 ICU & 24HDU","3 ICU & 2 HDU",0
"09-Jul-2021 16:28","Case medical centre","NIV, IMV","7 ICU","2 ICU & 2HDU",0
"09-Jul-2021 16:28","Norvik Hospital","NIV, IMV","5 ICU","FULL",0
"09-Jul-2021 16:28","Platinum hospital","NIV, IMV","4 ICU","1ICU",0
"09-Jul-2021 16:28","Mengo Hospital","HFO & NIV","4 ICU","FULL",NA
"09-Jul-2021 16:28","Nsambya hospital","NIV, IMV","6 ICU","FULL",NA
"09-Jul-2021 16:28","Rubaga Hospital","NIV, IMV","3 ICU","FULL",NA
"09-Jul-2021 16:28","UMC Victoria Hospital","NIV, IMV","7 ICU & 7 HDU","FULL",NA
"09-Jul-2021 17:24","Nakasero hospital ltd","IMV & NIV","4 ICU/ 12 HDU","FULL",0
"09-Jul-2021 17:24","Kampala hospital ltd","IMV & NIV","4 ICU","2 ICU",0
"09-Jul-2021 17:24","International hospital kampala","IMV & NIV","4 ICU&3HDU","1 HDU",0
"09-Jul-2021 17:24","Medipal international hospital","HFO, NIV & IMV","9 ICU","2 ICU",0
"09-Jul-2021 17:24","TMR international hospital","NIV, IMV","17 ICU & 24HDU","3 ICU & 2 HDU",0
"09-Jul-2021 17:24","Case medical centre","NIV, IMV","7 ICU","2 ICU & 2HDU",0
"09-Jul-2021 17:24","Norvik Hospital","NIV, IMV","5 ICU","FULL",0
"09-Jul-2021 17:24","Platinum hospital","NIV, IMV","4 ICU","1ICU",0
"09-Jul-2021 17:24","Mengo Hospital","HFO & NIV","4 ICU","FULL",NA
"09-Jul-2021 17:24","Nsambya hospital","NIV, IMV","6 ICU","FULL",NA
"09-Jul-2021 17:24","Rubaga Hospital","NIV, IMV","3 ICU","FULL",NA
"09-Jul-2021 17:24","UMC Victoria Hospital","NIV, IMV","7 ICU & 7 HDU","FULL",NA
"09-Jul-2021 18:24","Nakasero hospital ltd","IMV & NIV","4 ICU/ 12 HDU","FULL",0
"09-Jul-2021 18:24","Kampala hospital ltd","IMV & NIV","4 ICU","2 ICU",0
"09-Jul-2021 18:24","International hospital kampala","IMV & NIV","4 ICU&3HDU","1 HDU",0
"09-Jul-2021 18:24","Medipal international hospital","HFO, NIV & IMV","9 ICU","2 ICU",0
"09-Jul-2021 18:24","TMR international hospital","NIV, IMV","17 ICU & 24HDU","3 ICU & 2 HDU",0
"09-Jul-2021 18:24","Case medical centre","NIV, IMV","7 ICU","2 ICU & 2HDU",0
"09-Jul-2021 18:24","Norvik Hospital","NIV, IMV","5 ICU","FULL",0
"09-Jul-2021 18:24","Platinum hospital","NIV, IMV","4 ICU","1ICU",0
"09-Jul-2021 18:24","Mengo Hospital","HFO & NIV","4 ICU","FULL",NA
"09-Jul-2021 18:24","Nsambya hospital","NIV, IMV","6 ICU","FULL",NA
"09-Jul-2021 18:24","Rubaga Hospital","NIV, IMV","3 ICU","FULL",NA
"09-Jul-2021 18:24","UMC Victoria Hospital","NIV, IMV","7 ICU & 7 HDU","FULL",NA
"09-Jul-2021 19:14","Nakasero hospital ltd","IMV & NIV","4 ICU/ 12 HDU","FULL",0
"09-Jul-2021 19:14","Kampala hospital ltd","IMV & NIV","4 ICU","2 ICU",0
"09-Jul-2021 19:14","International hospital kampala","IMV & NIV","4 ICU&3HDU","1 HDU",0
"09-Jul-2021 19:14","Medipal international hospital","HFO, NIV & IMV","9 ICU","2 ICU",0
"09-Jul-2021 19:14","TMR international hospital","NIV, IMV","17 ICU & 24HDU","3 ICU & 2 HDU",0
"09-Jul-2021 19:14","Case medical centre","NIV, IMV","7 ICU","2 ICU & 2HDU",0
"09-Jul-2021 19:14","Norvik Hospital","NIV, IMV","5 ICU","FULL",0
"09-Jul-2021 19:14","Platinum hospital","NIV, IMV","4 ICU","1ICU",0
"09-Jul-2021 19:14","Mengo Hospital","HFO & NIV","4 ICU","FULL",NA
"09-Jul-2021 19:14","Nsambya hospital","NIV, IMV","6 ICU","FULL",NA
"09-Jul-2021 19:14","Rubaga Hospital","NIV, IMV","3 ICU","FULL",NA
"09-Jul-2021 19:14","UMC Victoria Hospital","NIV, IMV","7 ICU & 7 HDU","FULL",NA
"09-Jul-2021 20:18","Nakasero hospital ltd","IMV & NIV","4 ICU/ 12 HDU","FULL",0
"09-Jul-2021 20:18","Kampala hospital ltd","IMV & NIV","4 ICU","2 ICU",0
"09-Jul-2021 20:18","International hospital kampala","IMV & NIV","4 ICU&3HDU","1 HDU",0
"09-Jul-2021 20:18","Medipal international hospital","HFO, NIV & IMV","9 ICU","2 ICU",0
"09-Jul-2021 20:18","TMR international hospital","NIV, IMV","17 ICU & 24HDU","3 ICU & 2 HDU",0
"09-Jul-2021 20:18","Case medical centre","NIV, IMV","7 ICU","2 ICU & 2HDU",0
"09-Jul-2021 20:18","Norvik Hospital","NIV, IMV","5 ICU","FULL",0
"09-Jul-2021 20:18","Platinum hospital","NIV, IMV","4 ICU","1ICU",0
"09-Jul-2021 20:18","Mengo Hospital","HFO & NIV","4 ICU","FULL",NA
"09-Jul-2021 20:18","Nsambya hospital","NIV, IMV","6 ICU","FULL",NA
"09-Jul-2021 20:18","Rubaga Hospital","NIV, IMV","3 ICU","FULL",NA
"09-Jul-2021 20:18","UMC Victoria Hospital","NIV, IMV","7 ICU & 7 HDU","FULL",NA
"09-Jul-2021 21:17","Nakasero hospital ltd","IMV & NIV","4 ICU/ 12 HDU","FULL",0
"09-Jul-2021 21:17","Kampala hospital ltd","IMV & NIV","4 ICU","2 ICU",0
"09-Jul-2021 21:17","International hospital kampala","IMV & NIV","4 ICU&3HDU","1 HDU",0
"09-Jul-2021 21:17","Medipal international hospital","HFO, NIV & IMV","9 ICU","2 ICU",0
"09-Jul-2021 21:17","TMR international hospital","NIV, IMV","17 ICU & 24HDU","3 ICU & 2 HDU",0
"09-Jul-2021 21:17","Case medical centre","NIV, IMV","7 ICU","2 ICU & 2HDU",0
"09-Jul-2021 21:17","Norvik Hospital","NIV, IMV","5 ICU","FULL",0
"09-Jul-2021 21:17","Platinum hospital","NIV, IMV","4 ICU","1ICU",0
"09-Jul-2021 21:17","Mengo Hospital","HFO & NIV","4 ICU","FULL",NA
"09-Jul-2021 21:17","Nsambya hospital","NIV, IMV","6 ICU","FULL",NA
"09-Jul-2021 21:17","Rubaga Hospital","NIV, IMV","3 ICU","FULL",NA
"09-Jul-2021 21:17","UMC Victoria Hospital","NIV, IMV","7 ICU & 7 HDU","FULL",NA
"09-Jul-2021 22:18","Nakasero hospital ltd","IMV & NIV","4 ICU/ 12 HDU","FULL",0
"09-Jul-2021 22:18","Kampala hospital ltd","IMV & NIV","4 ICU","2 ICU",0
"09-Jul-2021 22:18","International hospital kampala","IMV & NIV","4 ICU&3HDU","1 HDU",0
"09-Jul-2021 22:18","Medipal international hospital","HFO, NIV & IMV","9 ICU","2 ICU",0
"09-Jul-2021 22:18","TMR international hospital","NIV, IMV","17 ICU & 24HDU","3 ICU & 2 HDU",0
"09-Jul-2021 22:18","Case medical centre","NIV, IMV","7 ICU","2 ICU & 2HDU",0
"09-Jul-2021 22:18","Norvik Hospital","NIV, IMV","5 ICU","FULL",0
"09-Jul-2021 22:18","Platinum hospital","NIV, IMV","4 ICU","1ICU",0
"09-Jul-2021 22:18","Mengo Hospital","HFO & NIV","4 ICU","FULL",NA
"09-Jul-2021 22:18","Nsambya hospital","NIV, IMV","6 ICU","FULL",NA
"09-Jul-2021 22:18","Rubaga Hospital","NIV, IMV","3 ICU","FULL",NA
"09-Jul-2021 22:18","UMC Victoria Hospital","NIV, IMV","7 ICU & 7 HDU","FULL",NA
"09-Jul-2021 23:18","Nakasero hospital ltd","IMV & NIV","4 ICU/ 12 HDU","FULL",0
"09-Jul-2021 23:18","Kampala hospital ltd","IMV & NIV","4 ICU","2 ICU",0
"09-Jul-2021 23:18","International hospital kampala","IMV & NIV","4 ICU&3HDU","1 HDU",0
"09-Jul-2021 23:18","Medipal international hospital","HFO, NIV & IMV","9 ICU","2 ICU",0
"09-Jul-2021 23:18","TMR international hospital","NIV, IMV","17 ICU & 24HDU","3 ICU & 2 HDU",0
"09-Jul-2021 23:18","Case medical centre","NIV, IMV","7 ICU","2 ICU & 2HDU",0
"09-Jul-2021 23:18","Norvik Hospital","NIV, IMV","5 ICU","FULL",0
"09-Jul-2021 23:18","Platinum hospital","NIV, IMV","4 ICU","1ICU",0
"09-Jul-2021 23:18","Mengo Hospital","HFO & NIV","4 ICU","FULL",NA
"09-Jul-2021 23:18","Nsambya hospital","NIV, IMV","6 ICU","FULL",NA
"09-Jul-2021 23:18","Rubaga Hospital","NIV, IMV","3 ICU","FULL",NA
"09-Jul-2021 23:18","UMC Victoria Hospital","NIV, IMV","7 ICU & 7 HDU","FULL",NA
"10-Jul-2021 00:53","Nakasero hospital ltd","IMV & NIV","4 ICU/ 12 HDU","FULL",0
"10-Jul-2021 00:53","Kampala hospital ltd","IMV & NIV","4 ICU","2 ICU",0
"10-Jul-2021 00:53","International hospital kampala","IMV & NIV","4 ICU&3HDU","1 HDU",0
"10-Jul-2021 00:53","Medipal international hospital","HFO, NIV & IMV","9 ICU","2 ICU",0
"10-Jul-2021 00:53","TMR international hospital","NIV, IMV","17 ICU & 24HDU","3 ICU & 2 HDU",0
"10-Jul-2021 00:53","Case medical centre","NIV, IMV","7 ICU","2 ICU & 2HDU",0
"10-Jul-2021 00:53","Norvik Hospital","NIV, IMV","5 ICU","FULL",0
"10-Jul-2021 00:53","Platinum hospital","NIV, IMV","4 ICU","1ICU",0
"10-Jul-2021 00:53","Mengo Hospital","HFO & NIV","4 ICU","FULL",NA
"10-Jul-2021 00:53","Nsambya hospital","NIV, IMV","6 ICU","FULL",NA
"10-Jul-2021 00:53","Rubaga Hospital","NIV, IMV","3 ICU","FULL",NA
"10-Jul-2021 00:53","UMC Victoria Hospital","NIV, IMV","7 ICU & 7 HDU","FULL",NA
"10-Jul-2021 01:57","Nakasero hospital ltd","IMV & NIV","4 ICU/ 12 HDU","FULL",0
"10-Jul-2021 01:57","Kampala hospital ltd","IMV & NIV","4 ICU","2 ICU",0
"10-Jul-2021 01:57","International hospital kampala","IMV & NIV","4 ICU&3HDU","1 HDU",0
"10-Jul-2021 01:57","Medipal international hospital","HFO, NIV & IMV","9 ICU","2 ICU",0
"10-Jul-2021 01:57","TMR international hospital","NIV, IMV","17 ICU & 24HDU","3 ICU & 2 HDU",0
"10-Jul-2021 01:57","Case medical centre","NIV, IMV","7 ICU","2 ICU & 2HDU",0
"10-Jul-2021 01:57","Norvik Hospital","NIV, IMV","5 ICU","FULL",0
"10-Jul-2021 01:57","Platinum hospital","NIV, IMV","4 ICU","1ICU",0
"10-Jul-2021 01:57","Mengo Hospital","HFO & NIV","4 ICU","FULL",NA
"10-Jul-2021 01:57","Nsambya hospital","NIV, IMV","6 ICU","FULL",NA
"10-Jul-2021 01:57","Rubaga Hospital","NIV, IMV","3 ICU","FULL",NA
"10-Jul-2021 01:57","UMC Victoria Hospital","NIV, IMV","7 ICU & 7 HDU","FULL",NA
"10-Jul-2021 02:29","Nakasero hospital ltd","IMV & NIV","4 ICU/ 12 HDU","FULL",0
"10-Jul-2021 02:29","Kampala hospital ltd","IMV & NIV","4 ICU","2 ICU",0
"10-Jul-2021 02:29","International hospital kampala","IMV & NIV","4 ICU&3HDU","1 HDU",0
"10-Jul-2021 02:29","Medipal international hospital","HFO, NIV & IMV","9 ICU","2 ICU",0
"10-Jul-2021 02:29","TMR international hospital","NIV, IMV","17 ICU & 24HDU","3 ICU & 2 HDU",0
"10-Jul-2021 02:29","Case medical centre","NIV, IMV","7 ICU","2 ICU & 2HDU",0
"10-Jul-2021 02:29","Norvik Hospital","NIV, IMV","5 ICU","FULL",0
"10-Jul-2021 02:29","Platinum hospital","NIV, IMV","4 ICU","1ICU",0
"10-Jul-2021 02:29","Mengo Hospital","HFO & NIV","4 ICU","FULL",NA
"10-Jul-2021 02:29","Nsambya hospital","NIV, IMV","6 ICU","FULL",NA
"10-Jul-2021 02:29","Rubaga Hospital","NIV, IMV","3 ICU","FULL",NA
"10-Jul-2021 02:29","UMC Victoria Hospital","NIV, IMV","7 ICU & 7 HDU","FULL",NA
"10-Jul-2021 03:20","Nakasero hospital ltd","IMV & NIV","4 ICU/ 12 HDU","FULL",0
"10-Jul-2021 03:20","Kampala hospital ltd","IMV & NIV","4 ICU","2 ICU",0
"10-Jul-2021 03:20","International hospital kampala","IMV & NIV","4 ICU&3HDU","1 HDU",0
"10-Jul-2021 03:20","Medipal international hospital","HFO, NIV & IMV","9 ICU","2 ICU",0
"10-Jul-2021 03:20","TMR international hospital","NIV, IMV","17 ICU & 24HDU","3 ICU & 2 HDU",0
"10-Jul-2021 03:20","Case medical centre","NIV, IMV","7 ICU","2 ICU & 2HDU",0
"10-Jul-2021 03:20","Norvik Hospital","NIV, IMV","5 ICU","FULL",0
"10-Jul-2021 03:20","Platinum hospital","NIV, IMV","4 ICU","1ICU",0
"10-Jul-2021 03:20","Mengo Hospital","HFO & NIV","4 ICU","FULL",NA
"10-Jul-2021 03:20","Nsambya hospital","NIV, IMV","6 ICU","FULL",NA
"10-Jul-2021 03:20","Rubaga Hospital","NIV, IMV","3 ICU","FULL",NA
"10-Jul-2021 03:20","UMC Victoria Hospital","NIV, IMV","7 ICU & 7 HDU","FULL",NA
"10-Jul-2021 04:23","Nakasero hospital ltd","IMV & NIV","4 ICU/ 12 HDU","FULL",0
"10-Jul-2021 04:23","Kampala hospital ltd","IMV & NIV","4 ICU","2 ICU",0
"10-Jul-2021 04:23","International hospital kampala","IMV & NIV","4 ICU&3HDU","1 HDU",0
"10-Jul-2021 04:23","Medipal international hospital","HFO, NIV & IMV","9 ICU","2 ICU",0
"10-Jul-2021 04:23","TMR international hospital","NIV, IMV","17 ICU & 24HDU","3 ICU & 2 HDU",0
"10-Jul-2021 04:23","Case medical centre","NIV, IMV","7 ICU","2 ICU & 2HDU",0
"10-Jul-2021 04:23","Norvik Hospital","NIV, IMV","5 ICU","FULL",0
"10-Jul-2021 04:23","Platinum hospital","NIV, IMV","4 ICU","1ICU",0
"10-Jul-2021 04:23","Mengo Hospital","HFO & NIV","4 ICU","FULL",NA
"10-Jul-2021 04:23","Nsambya hospital","NIV, IMV","6 ICU","FULL",NA
"10-Jul-2021 04:23","Rubaga Hospital","NIV, IMV","3 ICU","FULL",NA
"10-Jul-2021 04:23","UMC Victoria Hospital","NIV, IMV","7 ICU & 7 HDU","FULL",NA
"10-Jul-2021 05:16","Nakasero hospital ltd","IMV & NIV","4 ICU/ 12 HDU","FULL",0
"10-Jul-2021 05:16","Kampala hospital ltd","IMV & NIV","4 ICU","2 ICU",0
"10-Jul-2021 05:16","International hospital kampala","IMV & NIV","4 ICU&3HDU","1 HDU",0
"10-Jul-2021 05:16","Medipal international hospital","HFO, NIV & IMV","9 ICU","2 ICU",0
"10-Jul-2021 05:16","TMR international hospital","NIV, IMV","17 ICU & 24HDU","3 ICU & 2 HDU",0
"10-Jul-2021 05:16","Case medical centre","NIV, IMV","7 ICU","2 ICU & 2HDU",0
"10-Jul-2021 05:16","Norvik Hospital","NIV, IMV","5 ICU","FULL",0
"10-Jul-2021 05:16","Platinum hospital","NIV, IMV","4 ICU","1ICU",0
"10-Jul-2021 05:16","Mengo Hospital","HFO & NIV","4 ICU","FULL",NA
"10-Jul-2021 05:16","Nsambya hospital","NIV, IMV","6 ICU","FULL",NA
"10-Jul-2021 05:16","Rubaga Hospital","NIV, IMV","3 ICU","FULL",NA
"10-Jul-2021 05:16","UMC Victoria Hospital","NIV, IMV","7 ICU & 7 HDU","FULL",NA
"10-Jul-2021 06:21","Nakasero hospital ltd","IMV & NIV","4 ICU/ 12 HDU","FULL",0
"10-Jul-2021 06:21","Kampala hospital ltd","IMV & NIV","4 ICU","2 ICU",0
"10-Jul-2021 06:21","International hospital kampala","IMV & NIV","4 ICU&3HDU","1 HDU",0
"10-Jul-2021 06:21","Medipal international hospital","HFO, NIV & IMV","9 ICU","2 ICU",0
"10-Jul-2021 06:21","TMR international hospital","NIV, IMV","17 ICU & 24HDU","3 ICU & 2 HDU",0
"10-Jul-2021 06:21","Case medical centre","NIV, IMV","7 ICU","2 ICU & 2HDU",0
"10-Jul-2021 06:21","Norvik Hospital","NIV, IMV","5 ICU","FULL",0
"10-Jul-2021 06:21","Platinum hospital","NIV, IMV","4 ICU","1ICU",0
"10-Jul-2021 06:21","Mengo Hospital","HFO & NIV","4 ICU","FULL",NA
"10-Jul-2021 06:21","Nsambya hospital","NIV, IMV","6 ICU","FULL",NA
"10-Jul-2021 06:21","Rubaga Hospital","NIV, IMV","3 ICU","FULL",NA
"10-Jul-2021 06:21","UMC Victoria Hospital","NIV, IMV","7 ICU & 7 HDU","FULL",NA
"10-Jul-2021 07:16","Nakasero hospital ltd","IMV & NIV","4 ICU/ 12 HDU","FULL",0
"10-Jul-2021 07:16","Kampala hospital ltd","IMV & NIV","4 ICU","2 ICU",0
"10-Jul-2021 07:16","International hospital kampala","IMV & NIV","4 ICU&3HDU","1 HDU",0
"10-Jul-2021 07:16","Medipal international hospital","HFO, NIV & IMV","9 ICU","2 ICU",0
"10-Jul-2021 07:16","TMR international hospital","NIV, IMV","17 ICU & 24HDU","3 ICU & 2 HDU",0
"10-Jul-2021 07:16","Case medical centre","NIV, IMV","7 ICU","2 ICU & 2HDU",0
"10-Jul-2021 07:16","Norvik Hospital","NIV, IMV","5 ICU","FULL",0
"10-Jul-2021 07:16","Platinum hospital","NIV, IMV","4 ICU","1ICU",0
"10-Jul-2021 07:16","Mengo Hospital","HFO & NIV","4 ICU","FULL",NA
"10-Jul-2021 07:16","Nsambya hospital","NIV, IMV","6 ICU","FULL",NA
"10-Jul-2021 07:16","Rubaga Hospital","NIV, IMV","3 ICU","FULL",NA
"10-Jul-2021 07:16","UMC Victoria Hospital","NIV, IMV","7 ICU & 7 HDU","FULL",NA
"10-Jul-2021 08:20","Nakasero hospital ltd","IMV & NIV","4 ICU/ 12 HDU","FULL",0
"10-Jul-2021 08:20","Kampala hospital ltd","IMV & NIV","4 ICU","2 ICU",0
"10-Jul-2021 08:20","International hospital kampala","IMV & NIV","4 ICU&3HDU","1 HDU",0
"10-Jul-2021 08:20","Medipal international hospital","HFO, NIV & IMV","9 ICU","2 ICU",0
"10-Jul-2021 08:20","TMR international hospital","NIV, IMV","17 ICU & 24HDU","3 ICU & 2 HDU",0
"10-Jul-2021 08:20","Case medical centre","NIV, IMV","7 ICU","2 ICU & 2HDU",0
"10-Jul-2021 08:20","Norvik Hospital","NIV, IMV","5 ICU","FULL",0
"10-Jul-2021 08:20","Platinum hospital","NIV, IMV","4 ICU","1ICU",0
"10-Jul-2021 08:20","Mengo Hospital","HFO & NIV","4 ICU","FULL",NA
"10-Jul-2021 08:20","Nsambya hospital","NIV, IMV","6 ICU","FULL",NA
"10-Jul-2021 08:20","Rubaga Hospital","NIV, IMV","3 ICU","FULL",NA
"10-Jul-2021 08:20","UMC Victoria Hospital","NIV, IMV","7 ICU & 7 HDU","FULL",NA
"10-Jul-2021 09:19","Nakasero hospital ltd","IMV & NIV","4 ICU/ 12 HDU","FULL",0
"10-Jul-2021 09:19","Kampala hospital ltd","IMV & NIV","4 ICU","2 ICU",0
"10-Jul-2021 09:19","International hospital kampala","IMV & NIV","4 ICU&3HDU","1 HDU",0
"10-Jul-2021 09:19","Medipal international hospital","HFO, NIV & IMV","9 ICU","2 ICU",0
"10-Jul-2021 09:19","TMR international hospital","NIV, IMV","17 ICU & 24HDU","3 ICU & 2 HDU",0
"10-Jul-2021 09:19","Case medical centre","NIV, IMV","7 ICU","2 ICU & 2HDU",0
"10-Jul-2021 09:19","Norvik Hospital","NIV, IMV","5 ICU","FULL",0
"10-Jul-2021 09:19","Platinum hospital","NIV, IMV","4 ICU","1ICU",0
"10-Jul-2021 09:19","Mengo Hospital","HFO & NIV","4 ICU","FULL",NA
"10-Jul-2021 09:19","Nsambya hospital","NIV, IMV","6 ICU","FULL",NA
"10-Jul-2021 09:19","Rubaga Hospital","NIV, IMV","3 ICU","FULL",NA
"10-Jul-2021 09:19","UMC Victoria Hospital","NIV, IMV","7 ICU & 7 HDU","FULL",NA
"10-Jul-2021 10:19","Nakasero hospital ltd","IMV & NIV","4 ICU/ 12 HDU","FULL",0
"10-Jul-2021 10:19","Kampala hospital ltd","IMV & NIV","4 ICU","2 ICU",0
"10-Jul-2021 10:19","International hospital kampala","IMV & NIV","4 ICU&3HDU","1 HDU",0
"10-Jul-2021 10:19","Medipal international hospital","HFO, NIV & IMV","9 ICU","2 ICU",0
"10-Jul-2021 10:19","TMR international hospital","NIV, IMV","17 ICU & 24HDU","3 ICU & 2 HDU",0
"10-Jul-2021 10:19","Case medical centre","NIV, IMV","7 ICU","2 ICU & 2HDU",0
"10-Jul-2021 10:19","Norvik Hospital","NIV, IMV","5 ICU","FULL",0
"10-Jul-2021 10:19","Platinum hospital","NIV, IMV","4 ICU","1ICU",0
"10-Jul-2021 10:19","Mengo Hospital","HFO & NIV","4 ICU","FULL",NA
"10-Jul-2021 10:19","Nsambya hospital","NIV, IMV","6 ICU","FULL",NA
"10-Jul-2021 10:19","Rubaga Hospital","NIV, IMV","3 ICU","FULL",NA
"10-Jul-2021 10:19","UMC Victoria Hospital","NIV, IMV","7 ICU & 7 HDU","FULL",NA
"10-Jul-2021 11:15","Nakasero hospital ltd","IMV & NIV","4 ICU/ 12 HDU","FULL",0
"10-Jul-2021 11:15","Kampala hospital ltd","IMV & NIV","4 ICU","2 ICU",0
"10-Jul-2021 11:15","International hospital kampala","IMV & NIV","4 ICU&3HDU","1 HDU",0
"10-Jul-2021 11:15","Medipal international hospital","HFO, NIV & IMV","9 ICU","2 ICU",0
"10-Jul-2021 11:15","TMR international hospital","NIV, IMV","17 ICU & 24HDU","3 ICU & 2 HDU",0
"10-Jul-2021 11:15","Case medical centre","NIV, IMV","7 ICU","2 ICU & 2HDU",0
"10-Jul-2021 11:15","Norvik Hospital","NIV, IMV","5 ICU","FULL",0
"10-Jul-2021 11:15","Platinum hospital","NIV, IMV","4 ICU","1ICU",0
"10-Jul-2021 11:15","Mengo Hospital","HFO & NIV","4 ICU","FULL",NA
"10-Jul-2021 11:15","Nsambya hospital","NIV, IMV","6 ICU","FULL",NA
"10-Jul-2021 11:15","Rubaga Hospital","NIV, IMV","3 ICU","FULL",NA
"10-Jul-2021 11:15","UMC Victoria Hospital","NIV, IMV","7 ICU & 7 HDU","FULL",NA
"10-Jul-2021 12:26","Nakasero hospital ltd","IMV & NIV","4 ICU/ 12 HDU","FULL",0
"10-Jul-2021 12:26","Kampala hospital ltd","IMV & NIV","4 ICU","2 ICU",0
"10-Jul-2021 12:26","International hospital kampala","IMV & NIV","4 ICU&3HDU","1 HDU",0
"10-Jul-2021 12:26","Medipal international hospital","HFO, NIV & IMV","9 ICU","2 ICU",0
"10-Jul-2021 12:26","TMR international hospital","NIV, IMV","17 ICU & 24HDU","3 ICU & 2 HDU",0
"10-Jul-2021 12:26","Case medical centre","NIV, IMV","7 ICU","2 ICU & 2HDU",0
"10-Jul-2021 12:26","Norvik Hospital","NIV, IMV","5 ICU","FULL",0
"10-Jul-2021 12:26","Platinum hospital","NIV, IMV","4 ICU","1ICU",0
"10-Jul-2021 12:26","Mengo Hospital","HFO & NIV","4 ICU","FULL",NA
"10-Jul-2021 12:26","Nsambya hospital","NIV, IMV","6 ICU","FULL",NA
"10-Jul-2021 12:26","Rubaga Hospital","NIV, IMV","3 ICU","FULL",NA
"10-Jul-2021 12:26","UMC Victoria Hospital","NIV, IMV","7 ICU & 7 HDU","FULL",NA
"10-Jul-2021 13:21","Nakasero hospital ltd","IMV & NIV","4 ICU/ 12 HDU","FULL",0
"10-Jul-2021 13:21","Kampala hospital ltd","IMV & NIV","4 ICU","2 ICU",0
"10-Jul-2021 13:21","International hospital kampala","IMV & NIV","4 ICU&3HDU","1 HDU",0
"10-Jul-2021 13:21","Medipal international hospital","HFO, NIV & IMV","9 ICU","2 ICU",0
"10-Jul-2021 13:21","TMR international hospital","NIV, IMV","17 ICU & 24HDU","3 ICU & 2 HDU",0
"10-Jul-2021 13:21","Case medical centre","NIV, IMV","7 ICU","2 ICU & 2HDU",0
"10-Jul-2021 13:21","Norvik Hospital","NIV, IMV","5 ICU","FULL",0
"10-Jul-2021 13:21","Platinum hospital","NIV, IMV","4 ICU","1ICU",0
"10-Jul-2021 13:21","Mengo Hospital","HFO & NIV","4 ICU","FULL",NA
"10-Jul-2021 13:21","Nsambya hospital","NIV, IMV","6 ICU","FULL",NA
"10-Jul-2021 13:21","Rubaga Hospital","NIV, IMV","3 ICU","FULL",NA
"10-Jul-2021 13:21","UMC Victoria Hospital","NIV, IMV","7 ICU & 7 HDU","FULL",NA
"10-Jul-2021 14:16","Nakasero hospital ltd","IMV & NIV","4 ICU/ 12 HDU","FULL",0
"10-Jul-2021 14:16","Kampala hospital ltd","IMV & NIV","4 ICU","2 ICU",0
"10-Jul-2021 14:16","International hospital kampala","IMV & NIV","4 ICU&3HDU","1 HDU",0
"10-Jul-2021 14:16","Medipal international hospital","HFO, NIV & IMV","9 ICU","2 ICU",0
"10-Jul-2021 14:16","TMR international hospital","NIV, IMV","17 ICU & 24HDU","3 ICU & 2 HDU",0
"10-Jul-2021 14:16","Case medical centre","NIV, IMV","7 ICU","2 ICU & 2HDU",0
"10-Jul-2021 14:16","Norvik Hospital","NIV, IMV","5 ICU","FULL",0
"10-Jul-2021 14:16","Platinum hospital","NIV, IMV","4 ICU","1ICU",0
"10-Jul-2021 14:16","Mengo Hospital","HFO & NIV","4 ICU","FULL",NA
"10-Jul-2021 14:16","Nsambya hospital","NIV, IMV","6 ICU","FULL",NA
"10-Jul-2021 14:16","Rubaga Hospital","NIV, IMV","3 ICU","FULL",NA
"10-Jul-2021 14:16","UMC Victoria Hospital","NIV, IMV","7 ICU & 7 HDU","FULL",NA
"10-Jul-2021 15:20","Nakasero hospital ltd","IMV & NIV","4 ICU/ 12 HDU","FULL",0
"10-Jul-2021 15:20","Kampala hospital ltd","IMV & NIV","4 ICU","2 ICU",0
"10-Jul-2021 15:20","International hospital kampala","IMV & NIV","4 ICU&3HDU","1 HDU",0
"10-Jul-2021 15:20","Medipal international hospital","HFO, NIV & IMV","9 ICU","2 ICU",0
"10-Jul-2021 15:20","TMR international hospital","NIV, IMV","17 ICU & 24HDU","3 ICU & 2 HDU",0
"10-Jul-2021 15:20","Case medical centre","NIV, IMV","7 ICU","2 ICU & 2HDU",0
"10-Jul-2021 15:20","Norvik Hospital","NIV, IMV","5 ICU","FULL",0
"10-Jul-2021 15:20","Platinum hospital","NIV, IMV","4 ICU","1ICU",0
"10-Jul-2021 15:20","Mengo Hospital","HFO & NIV","4 ICU","FULL",NA
"10-Jul-2021 15:20","Nsambya hospital","NIV, IMV","6 ICU","FULL",NA
"10-Jul-2021 15:20","Rubaga Hospital","NIV, IMV","3 ICU","FULL",NA
"10-Jul-2021 15:20","UMC Victoria Hospital","NIV, IMV","7 ICU & 7 HDU","FULL",NA
"10-Jul-2021 16:26","Nakasero hospital ltd","IMV & NIV","4 ICU/ 12 HDU","FULL",0
"10-Jul-2021 16:26","Kampala hospital ltd","IMV & NIV","4 ICU","2 ICU",0
"10-Jul-2021 16:26","International hospital kampala","IMV & NIV","4 ICU&3HDU","1 HDU",0
"10-Jul-2021 16:26","Medipal international hospital","HFO, NIV & IMV","9 ICU","2 ICU",0
"10-Jul-2021 16:26","TMR international hospital","NIV, IMV","17 ICU & 24HDU","3 ICU & 2 HDU",0
"10-Jul-2021 16:26","Case medical centre","NIV, IMV","7 ICU","FULL",0
"10-Jul-2021 16:26","Norvik Hospital","NIV, IMV","5 ICU","FULL",0
"10-Jul-2021 16:26","Platinum hospital","NIV, IMV","4 ICU","FULL",0
"10-Jul-2021 16:26","Mengo Hospital","HFO & NIV","4 ICU","FULL",NA
"10-Jul-2021 16:26","Nsambya hospital","NIV, IMV","6 ICU","FULL",NA
"10-Jul-2021 16:26","Rubaga Hospital","NIV, IMV","3 ICU","FULL",NA
"10-Jul-2021 16:26","UMC Victoria Hospital","NIV, IMV","7 ICU & 7 HDU","FULL",NA
"10-Jul-2021 17:22","Nakasero hospital ltd","IMV & NIV","4 ICU/ 12 HDU","FULL",0
"10-Jul-2021 17:22","Kampala hospital ltd","IMV & NIV","4 ICU","2 ICU",0
"10-Jul-2021 17:22","International hospital kampala","IMV & NIV","4 ICU&3HDU","1 HDU",0
"10-Jul-2021 17:22","Medipal international hospital","HFO, NIV & IMV","9 ICU","2 ICU",0
"10-Jul-2021 17:22","TMR international hospital","NIV, IMV","17 ICU & 24HDU","3 ICU & 2 HDU",0
"10-Jul-2021 17:22","Case medical centre","NIV, IMV","7 ICU","FULL",0
"10-Jul-2021 17:22","Norvik Hospital","NIV, IMV","5 ICU","FULL",0
"10-Jul-2021 17:22","Platinum hospital","NIV, IMV","4 ICU","FULL",0
"10-Jul-2021 17:22","Mengo Hospital","HFO & NIV","4 ICU","FULL",NA
"10-Jul-2021 17:22","Nsambya hospital","NIV, IMV","6 ICU","FULL",NA
"10-Jul-2021 17:22","Rubaga Hospital","NIV, IMV","3 ICU","FULL",NA
"10-Jul-2021 17:22","UMC Victoria Hospital","NIV, IMV","7 ICU & 7 HDU","FULL",NA
"10-Jul-2021 18:21","Nakasero hospital ltd","IMV & NIV","4 ICU/ 12 HDU","FULL",0
"10-Jul-2021 18:21","Kampala hospital ltd","IMV & NIV","4 ICU","3 ICU",0
"10-Jul-2021 18:21","International hospital kampala","IMV & NIV","4 ICU&3HDU","1 HDU",0
"10-Jul-2021 18:21","Medipal international hospital","HFO, NIV & IMV","9 ICU","2 ICU",0
"10-Jul-2021 18:21","TMR international hospital","NIV, IMV","17 ICU & 24HDU","3 ICU & 2 HDU",0
"10-Jul-2021 18:21","Case medical centre","NIV, IMV","7 ICU","FULL",0
"10-Jul-2021 18:21","Norvik Hospital","NIV, IMV","5 ICU","FULL",0
"10-Jul-2021 18:21","Platinum hospital","NIV, IMV","4 ICU","FULL",0
"10-Jul-2021 18:21","Mengo Hospital","HFO & NIV","4 ICU","FULL",NA
"10-Jul-2021 18:21","Nsambya hospital","NIV, IMV","6 ICU","FULL",NA
"10-Jul-2021 18:21","Rubaga Hospital","NIV, IMV","3 ICU","FULL",NA
"10-Jul-2021 18:21","UMC Victoria Hospital","NIV, IMV","7 ICU & 7 HDU","FULL",NA
"10-Jul-2021 19:14","Nakasero hospital ltd","IMV & NIV","4 ICU/ 12 HDU","FULL",0
"10-Jul-2021 19:14","Kampala hospital ltd","IMV & NIV","4 ICU","3 ICU",0
"10-Jul-2021 19:14","International hospital kampala","IMV & NIV","4 ICU&3HDU","1 HDU",0
"10-Jul-2021 19:14","Medipal international hospital","HFO, NIV & IMV","9 ICU","2 ICU",0
"10-Jul-2021 19:14","TMR international hospital","NIV, IMV","17 ICU & 24HDU","3 ICU & 2 HDU",0
"10-Jul-2021 19:14","Case medical centre","NIV, IMV","7 ICU","FULL",0
"10-Jul-2021 19:14","Norvik Hospital","NIV, IMV","5 ICU","FULL",0
"10-Jul-2021 19:14","Platinum hospital","NIV, IMV","4 ICU","FULL",0
"10-Jul-2021 19:14","Mengo Hospital","HFO & NIV","4 ICU","FULL",NA
"10-Jul-2021 19:14","Nsambya hospital","NIV, IMV","6 ICU","FULL",NA
"10-Jul-2021 19:14","Rubaga Hospital","NIV, IMV","3 ICU","FULL",NA
"10-Jul-2021 19:14","UMC Victoria Hospital","NIV, IMV","7 ICU & 7 HDU","FULL",NA
"10-Jul-2021 20:17","Nakasero hospital ltd","IMV & NIV","4 ICU/ 12 HDU","FULL",0
"10-Jul-2021 20:17","Kampala hospital ltd","IMV & NIV","4 ICU","3 ICU",0
"10-Jul-2021 20:17","International hospital kampala","IMV & NIV","4 ICU&3HDU","1 HDU",0
"10-Jul-2021 20:17","Medipal international hospital","HFO, NIV & IMV","9 ICU","2 ICU",0
"10-Jul-2021 20:17","TMR international hospital","NIV, IMV","17 ICU & 24HDU","3 ICU & 2 HDU",0
"10-Jul-2021 20:17","Case medical centre","NIV, IMV","7 ICU","FULL",0
"10-Jul-2021 20:17","Norvik Hospital","NIV, IMV","5 ICU","FULL",0
"10-Jul-2021 20:17","Platinum hospital","NIV, IMV","4 ICU","FULL",0
"10-Jul-2021 20:17","Mengo Hospital","HFO & NIV","4 ICU","FULL",NA
"10-Jul-2021 20:17","Nsambya hospital","NIV, IMV","6 ICU","FULL",NA
"10-Jul-2021 20:17","Rubaga Hospital","NIV, IMV","3 ICU","FULL",NA
"10-Jul-2021 20:17","UMC Victoria Hospital","NIV, IMV","7 ICU & 7 HDU","FULL",NA
"10-Jul-2021 21:17","Nakasero hospital ltd","IMV & NIV","4 ICU/ 12 HDU","FULL",0
"10-Jul-2021 21:17","Kampala hospital ltd","IMV & NIV","4 ICU","3 ICU",0
"10-Jul-2021 21:17","International hospital kampala","IMV & NIV","4 ICU&3HDU","1 HDU",0
"10-Jul-2021 21:17","Medipal international hospital","HFO, NIV & IMV","9 ICU","2 ICU",0
"10-Jul-2021 21:17","TMR international hospital","NIV, IMV","17 ICU & 24HDU","3 ICU & 2 HDU",0
"10-Jul-2021 21:17","Case medical centre","NIV, IMV","7 ICU","FULL",0
"10-Jul-2021 21:17","Norvik Hospital","NIV, IMV","5 ICU","FULL",0
"10-Jul-2021 21:17","Platinum hospital","NIV, IMV","4 ICU","FULL",0
"10-Jul-2021 21:17","Mengo Hospital","HFO & NIV","4 ICU","FULL",NA
"10-Jul-2021 21:17","Nsambya hospital","NIV, IMV","6 ICU","FULL",NA
"10-Jul-2021 21:17","Rubaga Hospital","NIV, IMV","3 ICU","FULL",NA
"10-Jul-2021 21:17","UMC Victoria Hospital","NIV, IMV","7 ICU & 7 HDU","FULL",NA
"10-Jul-2021 22:17","Nakasero hospital ltd","IMV & NIV","4 ICU/ 12 HDU","FULL",0
"10-Jul-2021 22:17","Kampala hospital ltd","IMV & NIV","4 ICU","3 ICU",0
"10-Jul-2021 22:17","International hospital kampala","IMV & NIV","4 ICU&3HDU","1 HDU",0
"10-Jul-2021 22:17","Medipal international hospital","HFO, NIV & IMV","9 ICU","2 ICU",0
"10-Jul-2021 22:17","TMR international hospital","NIV, IMV","17 ICU & 24HDU","3 ICU & 2 HDU",0
"10-Jul-2021 22:17","Case medical centre","NIV, IMV","7 ICU","FULL",0
"10-Jul-2021 22:17","Norvik Hospital","NIV, IMV","5 ICU","FULL",0
"10-Jul-2021 22:17","Platinum hospital","NIV, IMV","4 ICU","FULL",0
"10-Jul-2021 22:17","Mengo Hospital","HFO & NIV","4 ICU","FULL",NA
"10-Jul-2021 22:17","Nsambya hospital","NIV, IMV","6 ICU","FULL",NA
"10-Jul-2021 22:17","Rubaga Hospital","NIV, IMV","3 ICU","FULL",NA
"10-Jul-2021 22:17","UMC Victoria Hospital","NIV, IMV","7 ICU & 7 HDU","FULL",NA
"10-Jul-2021 23:17","Nakasero hospital ltd","IMV & NIV","4 ICU/ 12 HDU","FULL",0
"10-Jul-2021 23:17","Kampala hospital ltd","IMV & NIV","4 ICU","3 ICU",0
"10-Jul-2021 23:17","International hospital kampala","IMV & NIV","4 ICU&3HDU","1 HDU",0
"10-Jul-2021 23:17","Medipal international hospital","HFO, NIV & IMV","9 ICU","2 ICU",0
"10-Jul-2021 23:17","TMR international hospital","NIV, IMV","17 ICU & 24HDU","3 ICU & 2 HDU",0
"10-Jul-2021 23:17","Case medical centre","NIV, IMV","7 ICU","FULL",0
"10-Jul-2021 23:17","Norvik Hospital","NIV, IMV","5 ICU","FULL",0
"10-Jul-2021 23:17","Platinum hospital","NIV, IMV","4 ICU","FULL",0
"10-Jul-2021 23:17","Mengo Hospital","HFO & NIV","4 ICU","FULL",NA
"10-Jul-2021 23:17","Nsambya hospital","NIV, IMV","6 ICU","FULL",NA
"10-Jul-2021 23:17","Rubaga Hospital","NIV, IMV","3 ICU","FULL",NA
"10-Jul-2021 23:17","UMC Victoria Hospital","NIV, IMV","7 ICU & 7 HDU","FULL",NA
"11-Jul-2021 00:59","Nakasero hospital ltd","IMV & NIV","4 ICU/ 12 HDU","FULL",0
"11-Jul-2021 00:59","Kampala hospital ltd","IMV & NIV","4 ICU","3 ICU",0
"11-Jul-2021 00:59","International hospital kampala","IMV & NIV","4 ICU&3HDU","1 HDU",0
"11-Jul-2021 00:59","Medipal international hospital","HFO, NIV & IMV","9 ICU","2 ICU",0
"11-Jul-2021 00:59","TMR international hospital","NIV, IMV","17 ICU & 24HDU","3 ICU & 2 HDU",0
"11-Jul-2021 00:59","Case medical centre","NIV, IMV","7 ICU","FULL",0
"11-Jul-2021 00:59","Norvik Hospital","NIV, IMV","5 ICU","FULL",0
"11-Jul-2021 00:59","Platinum hospital","NIV, IMV","4 ICU","FULL",0
"11-Jul-2021 00:59","Mengo Hospital","HFO & NIV","4 ICU","FULL",NA
"11-Jul-2021 00:59","Nsambya hospital","NIV, IMV","6 ICU","FULL",NA
"11-Jul-2021 00:59","Rubaga Hospital","NIV, IMV","3 ICU","FULL",NA
"11-Jul-2021 00:59","UMC Victoria Hospital","NIV, IMV","7 ICU & 7 HDU","FULL",NA
"11-Jul-2021 02:06","Nakasero hospital ltd","IMV & NIV","4 ICU/ 12 HDU","FULL",0
"11-Jul-2021 02:06","Kampala hospital ltd","IMV & NIV","4 ICU","3 ICU",0
"11-Jul-2021 02:06","International hospital kampala","IMV & NIV","4 ICU&3HDU","1 HDU",0
"11-Jul-2021 02:06","Medipal international hospital","HFO, NIV & IMV","9 ICU","2 ICU",0
"11-Jul-2021 02:06","TMR international hospital","NIV, IMV","17 ICU & 24HDU","3 ICU & 2 HDU",0
"11-Jul-2021 02:06","Case medical centre","NIV, IMV","7 ICU","FULL",0
"11-Jul-2021 02:06","Norvik Hospital","NIV, IMV","5 ICU","FULL",0
"11-Jul-2021 02:06","Platinum hospital","NIV, IMV","4 ICU","FULL",0
"11-Jul-2021 02:06","Mengo Hospital","HFO & NIV","4 ICU","FULL",NA
"11-Jul-2021 02:06","Nsambya hospital","NIV, IMV","6 ICU","FULL",NA
"11-Jul-2021 02:06","Rubaga Hospital","NIV, IMV","3 ICU","FULL",NA
"11-Jul-2021 02:06","UMC Victoria Hospital","NIV, IMV","7 ICU & 7 HDU","FULL",NA
"11-Jul-2021 03:20","Nakasero hospital ltd","IMV & NIV","4 ICU/ 12 HDU","FULL",0
"11-Jul-2021 03:20","Kampala hospital ltd","IMV & NIV","4 ICU","3 ICU",0
"11-Jul-2021 03:20","International hospital kampala","IMV & NIV","4 ICU&3HDU","1 HDU",0
"11-Jul-2021 03:20","Medipal international hospital","HFO, NIV & IMV","9 ICU","2 ICU",0
"11-Jul-2021 03:20","TMR international hospital","NIV, IMV","17 ICU & 24HDU","3 ICU & 2 HDU",0
"11-Jul-2021 03:20","Case medical centre","NIV, IMV","7 ICU","FULL",0
"11-Jul-2021 03:20","Norvik Hospital","NIV, IMV","5 ICU","FULL",0
"11-Jul-2021 03:20","Platinum hospital","NIV, IMV","4 ICU","FULL",0
"11-Jul-2021 03:20","Mengo Hospital","HFO & NIV","4 ICU","FULL",NA
"11-Jul-2021 03:20","Nsambya hospital","NIV, IMV","6 ICU","FULL",NA
"11-Jul-2021 03:20","Rubaga Hospital","NIV, IMV","3 ICU","FULL",NA
"11-Jul-2021 03:20","UMC Victoria Hospital","NIV, IMV","7 ICU & 7 HDU","FULL",NA
"11-Jul-2021 04:22","Nakasero hospital ltd","IMV & NIV","4 ICU/ 12 HDU","FULL",0
"11-Jul-2021 04:22","Kampala hospital ltd","IMV & NIV","4 ICU","3 ICU",0
"11-Jul-2021 04:22","International hospital kampala","IMV & NIV","4 ICU&3HDU","1 HDU",0
"11-Jul-2021 04:22","Medipal international hospital","HFO, NIV & IMV","9 ICU","2 ICU",0
"11-Jul-2021 04:22","TMR international hospital","NIV, IMV","17 ICU & 24HDU","3 ICU & 2 HDU",0
"11-Jul-2021 04:22","Case medical centre","NIV, IMV","7 ICU","FULL",0
"11-Jul-2021 04:22","Norvik Hospital","NIV, IMV","5 ICU","FULL",0
"11-Jul-2021 04:22","Platinum hospital","NIV, IMV","4 ICU","FULL",0
"11-Jul-2021 04:22","Mengo Hospital","HFO & NIV","4 ICU","FULL",NA
"11-Jul-2021 04:22","Nsambya hospital","NIV, IMV","6 ICU","FULL",NA
"11-Jul-2021 04:22","Rubaga Hospital","NIV, IMV","3 ICU","FULL",NA
"11-Jul-2021 04:22","UMC Victoria Hospital","NIV, IMV","7 ICU & 7 HDU","FULL",NA
"11-Jul-2021 05:15","Nakasero hospital ltd","IMV & NIV","4 ICU/ 12 HDU","FULL",0
"11-Jul-2021 05:15","Kampala hospital ltd","IMV & NIV","4 ICU","3 ICU",0
"11-Jul-2021 05:15","International hospital kampala","IMV & NIV","4 ICU&3HDU","1 HDU",0
"11-Jul-2021 05:15","Medipal international hospital","HFO, NIV & IMV","9 ICU","2 ICU",0
"11-Jul-2021 05:15","TMR international hospital","NIV, IMV","17 ICU & 24HDU","5 ICU",0
"11-Jul-2021 05:15","Case medical centre","NIV, IMV","7 ICU","FULL",0
"11-Jul-2021 05:15","Norvik Hospital","NIV, IMV","5 ICU","FULL",0
"11-Jul-2021 05:15","Platinum hospital","NIV, IMV","4 ICU","FULL",0
"11-Jul-2021 05:15","Mengo Hospital","HFO & NIV","4 ICU","FULL",NA
"11-Jul-2021 05:15","Nsambya hospital","NIV, IMV","6 ICU","FULL",NA
"11-Jul-2021 05:15","Rubaga Hospital","NIV, IMV","3 ICU","FULL",NA
"11-Jul-2021 05:15","UMC Victoria Hospital","NIV, IMV","7 ICU & 7 HDU","FULL",NA
"11-Jul-2021 06:22","Nakasero hospital ltd","IMV & NIV","4 ICU/ 12 HDU","FULL",0
"11-Jul-2021 06:22","Kampala hospital ltd","IMV & NIV","4 ICU","3 ICU",0
"11-Jul-2021 06:22","International hospital kampala","IMV & NIV","4 ICU&3HDU","1 HDU",0
"11-Jul-2021 06:22","Medipal international hospital","HFO, NIV & IMV","9 ICU","2 ICU",0
"11-Jul-2021 06:22","TMR international hospital","NIV, IMV","17 ICU & 24HDU","5 ICU",0
"11-Jul-2021 06:22","Case medical centre","NIV, IMV","7 ICU","2 ICU",0
"11-Jul-2021 06:22","Norvik Hospital","NIV, IMV","5 ICU","FULL",0
"11-Jul-2021 06:22","Platinum hospital","NIV, IMV","4 ICU","FULL",0
"11-Jul-2021 06:22","Mengo Hospital","HFO & NIV","4 ICU","FULL",NA
"11-Jul-2021 06:22","Nsambya hospital","NIV, IMV","6 ICU","FULL",NA
"11-Jul-2021 06:22","Rubaga Hospital","NIV, IMV","3 ICU","FULL",NA
"11-Jul-2021 06:22","UMC Victoria Hospital","NIV, IMV","7 ICU & 7 HDU","FULL",NA
"11-Jul-2021 07:16","Nakasero hospital ltd","IMV & NIV","4 ICU/ 12 HDU","5 HDU",0
"11-Jul-2021 07:16","Kampala hospital ltd","IMV & NIV","4 ICU","2 ICU",0
"11-Jul-2021 07:16","International hospital kampala","IMV & NIV","4 ICU&3HDU","1 HDU",0
"11-Jul-2021 07:16","Medipal international hospital","HFO, NIV & IMV","9 ICU","3 ICU",0
"11-Jul-2021 07:16","TMR international hospital","NIV, IMV","17 ICU & 24HDU","5 ICU",0
"11-Jul-2021 07:16","Case medical centre","NIV, IMV","7 ICU","2 ICU",0
"11-Jul-2021 07:16","Norvik Hospital","NIV, IMV","5 ICU","FULL",0
"11-Jul-2021 07:16","Platinum hospital","NIV, IMV","4 ICU","FULL",0
"11-Jul-2021 07:16","Mengo Hospital","HFO & NIV","4 ICU","FULL",NA
"11-Jul-2021 07:16","Nsambya hospital","NIV, IMV","6 ICU","FULL",NA
"11-Jul-2021 07:16","Rubaga Hospital","NIV, IMV","3 ICU","1 ICU",NA
"11-Jul-2021 07:16","UMC Victoria Hospital","NIV, IMV","7 ICU & 7 HDU","FULL",NA
"11-Jul-2021 08:19","Nakasero hospital ltd","IMV & NIV","4 ICU/ 12 HDU","5 HDU",0
"11-Jul-2021 08:19","Kampala hospital ltd","IMV & NIV","4 ICU","2 ICU",0
"11-Jul-2021 08:19","International hospital kampala","IMV & NIV","4 ICU&3HDU","1 HDU",0
"11-Jul-2021 08:19","Medipal international hospital","HFO, NIV & IMV","9 ICU","3 ICU",0
"11-Jul-2021 08:19","TMR international hospital","NIV, IMV","17 ICU & 24HDU","5 ICU",0
"11-Jul-2021 08:19","Case medical centre","NIV, IMV","7 ICU","2 ICU",0
"11-Jul-2021 08:19","Norvik Hospital","NIV, IMV","5 ICU","FULL",0
"11-Jul-2021 08:19","Platinum hospital","NIV, IMV","4 ICU","FULL",0
"11-Jul-2021 08:19","Mengo Hospital","HFO & NIV","4 ICU","FULL",NA
"11-Jul-2021 08:19","Nsambya hospital","NIV, IMV","6 ICU","FULL",NA
"11-Jul-2021 08:19","Rubaga Hospital","NIV, IMV","3 ICU","1 ICU",NA
"11-Jul-2021 08:19","UMC Victoria Hospital","NIV, IMV","7 ICU & 7 HDU","FULL",NA
"11-Jul-2021 09:19","Nakasero hospital ltd","IMV & NIV","4 ICU/ 12 HDU","5 HDU",0
"11-Jul-2021 09:19","Kampala hospital ltd","IMV & NIV","4 ICU","2 ICU",0
"11-Jul-2021 09:19","International hospital kampala","IMV & NIV","4 ICU&3HDU","1 HDU",0
"11-Jul-2021 09:19","Medipal international hospital","HFO, NIV & IMV","9 ICU","3 ICU",0
"11-Jul-2021 09:19","TMR international hospital","NIV, IMV","17 ICU & 24HDU","5 ICU",0
"11-Jul-2021 09:19","Case medical centre","NIV, IMV","7 ICU","2 ICU",0
"11-Jul-2021 09:19","Norvik Hospital","NIV, IMV","5 ICU","FULL",0
"11-Jul-2021 09:19","Platinum hospital","NIV, IMV","4 ICU","FULL",0
"11-Jul-2021 09:19","Mengo Hospital","HFO & NIV","4 ICU","FULL",NA
"11-Jul-2021 09:19","Nsambya hospital","NIV, IMV","6 ICU","FULL",NA
"11-Jul-2021 09:19","Rubaga Hospital","NIV, IMV","3 ICU","1 ICU",NA
"11-Jul-2021 09:19","UMC Victoria Hospital","NIV, IMV","7 ICU & 7 HDU","FULL",NA
"11-Jul-2021 11:15","Nakasero hospital ltd","IMV & NIV","4 ICU/ 12 HDU","5 HDU",0
"11-Jul-2021 11:15","Kampala hospital ltd","IMV & NIV","4 ICU","2 ICU",0
"11-Jul-2021 11:15","International hospital kampala","IMV & NIV","4 ICU&3HDU","1 HDU",0
"11-Jul-2021 11:15","Medipal international hospital","HFO, NIV & IMV","9 ICU","3 ICU",0
"11-Jul-2021 11:15","TMR international hospital","NIV, IMV","17 ICU & 24HDU","5 ICU",0
"11-Jul-2021 11:15","Case medical centre","NIV, IMV","7 ICU","2 ICU",0
"11-Jul-2021 11:15","Norvik Hospital","NIV, IMV","5 ICU","FULL",0
"11-Jul-2021 11:15","Platinum hospital","NIV, IMV","4 ICU","FULL",0
"11-Jul-2021 11:15","Mengo Hospital","HFO & NIV","4 ICU","FULL",NA
"11-Jul-2021 11:15","Nsambya hospital","NIV, IMV","6 ICU","FULL",NA
"11-Jul-2021 11:15","Rubaga Hospital","NIV, IMV","3 ICU","1 ICU",NA
"11-Jul-2021 11:15","UMC Victoria Hospital","NIV, IMV","7 ICU & 7 HDU","FULL",NA
"11-Jul-2021 12:26","Nakasero hospital ltd","IMV & NIV","4 ICU/ 12 HDU","5 HDU",0
"11-Jul-2021 12:26","Kampala hospital ltd","IMV & NIV","4 ICU","2 ICU",0
"11-Jul-2021 12:26","International hospital kampala","IMV & NIV","4 ICU&3HDU","1 HDU",0
"11-Jul-2021 12:26","Medipal international hospital","HFO, NIV & IMV","9 ICU","3 ICU",0
"11-Jul-2021 12:26","TMR international hospital","NIV, IMV","17 ICU & 24HDU","5 ICU",0
"11-Jul-2021 12:26","Case medical centre","NIV, IMV","7 ICU","2 ICU",0
"11-Jul-2021 12:26","Norvik Hospital","NIV, IMV","5 ICU","FULL",0
"11-Jul-2021 12:26","Platinum hospital","NIV, IMV","4 ICU","FULL",0
"11-Jul-2021 12:26","Mengo Hospital","HFO & NIV","4 ICU","FULL",NA
"11-Jul-2021 12:26","Nsambya hospital","NIV, IMV","6 ICU","FULL",NA
"11-Jul-2021 12:26","Rubaga Hospital","NIV, IMV","3 ICU","1 ICU",NA
"11-Jul-2021 12:26","UMC Victoria Hospital","NIV, IMV","7 ICU & 7 HDU","FULL",NA
"11-Jul-2021 13:20","Nakasero hospital ltd","IMV & NIV","4 ICU/ 12 HDU","5 HDU",0
"11-Jul-2021 13:20","Kampala hospital ltd","IMV & NIV","4 ICU","2 ICU",0
"11-Jul-2021 13:20","International hospital kampala","IMV & NIV","4 ICU&3HDU","1 HDU",0
"11-Jul-2021 13:20","Medipal international hospital","HFO, NIV & IMV","9 ICU","3 ICU",0
"11-Jul-2021 13:20","TMR international hospital","NIV, IMV","17 ICU & 24HDU","5 ICU",0
"11-Jul-2021 13:20","Case medical centre","NIV, IMV","7 ICU","2 ICU",0
"11-Jul-2021 13:20","Norvik Hospital","NIV, IMV","5 ICU","FULL",0
"11-Jul-2021 13:20","Platinum hospital","NIV, IMV","4 ICU","FULL",0
"11-Jul-2021 13:20","Mengo Hospital","HFO & NIV","4 ICU","FULL",NA
"11-Jul-2021 13:20","Nsambya hospital","NIV, IMV","6 ICU","FULL",NA
"11-Jul-2021 13:20","Rubaga Hospital","NIV, IMV","3 ICU","1 ICU",NA
"11-Jul-2021 13:20","UMC Victoria Hospital","NIV, IMV","7 ICU & 7 HDU","FULL",NA
"11-Jul-2021 14:16","Nakasero hospital ltd","IMV & NIV","4 ICU/ 12 HDU","5 HDU",0
"11-Jul-2021 14:16","Kampala hospital ltd","IMV & NIV","4 ICU","2 ICU",0
"11-Jul-2021 14:16","International hospital kampala","IMV & NIV","4 ICU&3HDU","1 HDU",0
"11-Jul-2021 14:16","Medipal international hospital","HFO, NIV & IMV","9 ICU","3 ICU",0
"11-Jul-2021 14:16","TMR international hospital","NIV, IMV","17 ICU & 24HDU","5 ICU",0
"11-Jul-2021 14:16","Case medical centre","NIV, IMV","7 ICU","2 ICU",0
"11-Jul-2021 14:16","Norvik Hospital","NIV, IMV","5 ICU","FULL",0
"11-Jul-2021 14:16","Platinum hospital","NIV, IMV","4 ICU","FULL",0
"11-Jul-2021 14:16","Mengo Hospital","HFO & NIV","4 ICU","FULL",NA
"11-Jul-2021 14:16","Nsambya hospital","NIV, IMV","6 ICU","FULL",NA
"11-Jul-2021 14:16","Rubaga Hospital","NIV, IMV","3 ICU","1 ICU",NA
"11-Jul-2021 14:16","UMC Victoria Hospital","NIV, IMV","7 ICU & 7 HDU","FULL",NA
"11-Jul-2021 15:20","Nakasero hospital ltd","IMV & NIV","4 ICU/ 12 HDU","5 HDU",0
"11-Jul-2021 15:20","Kampala hospital ltd","IMV & NIV","4 ICU","2 ICU",0
"11-Jul-2021 15:20","International hospital kampala","IMV & NIV","4 ICU&3HDU","1 HDU",0
"11-Jul-2021 15:20","Medipal international hospital","HFO, NIV & IMV","9 ICU","3 ICU",0
"11-Jul-2021 15:20","TMR international hospital","NIV, IMV","17 ICU & 24HDU","5 ICU",0
"11-Jul-2021 15:20","Case medical centre","NIV, IMV","7 ICU","2 ICU",0
"11-Jul-2021 15:20","Norvik Hospital","NIV, IMV","5 ICU","FULL",0
"11-Jul-2021 15:20","Platinum hospital","NIV, IMV","4 ICU","FULL",0
"11-Jul-2021 15:20","Mengo Hospital","HFO & NIV","4 ICU","FULL",NA
"11-Jul-2021 15:20","Nsambya hospital","NIV, IMV","6 ICU","FULL",NA
"11-Jul-2021 15:20","Rubaga Hospital","NIV, IMV","3 ICU","1 ICU",NA
"11-Jul-2021 15:20","UMC Victoria Hospital","NIV, IMV","7 ICU & 7 HDU","FULL",NA
"11-Jul-2021 16:26","Nakasero hospital ltd","IMV & NIV","4 ICU/ 12 HDU","5 HDU",0
"11-Jul-2021 16:26","Kampala hospital ltd","IMV & NIV","4 ICU","2 ICU",0
"11-Jul-2021 16:26","International hospital kampala","IMV & NIV","4 ICU&3HDU","1 HDU",0
"11-Jul-2021 16:26","Medipal international hospital","HFO, NIV & IMV","9 ICU","3 ICU",0
"11-Jul-2021 16:26","TMR international hospital","NIV, IMV","17 ICU & 24HDU","5 ICU",0
"11-Jul-2021 16:26","Case medical centre","NIV, IMV","7 ICU","2 ICU",0
"11-Jul-2021 16:26","Norvik Hospital","NIV, IMV","5 ICU","FULL",0
"11-Jul-2021 16:26","Platinum hospital","NIV, IMV","4 ICU","FULL",0
"11-Jul-2021 16:26","Mengo Hospital","HFO & NIV","4 ICU","FULL",NA
"11-Jul-2021 16:26","Nsambya hospital","NIV, IMV","6 ICU","FULL",NA
"11-Jul-2021 16:26","Rubaga Hospital","NIV, IMV","3 ICU","1 ICU",NA
"11-Jul-2021 16:26","UMC Victoria Hospital","NIV, IMV","7 ICU & 7 HDU","FULL",NA
"11-Jul-2021 17:21","Nakasero hospital ltd","IMV & NIV","4 ICU/ 12 HDU","5 HDU",0
"11-Jul-2021 17:21","Kampala hospital ltd","IMV & NIV","4 ICU","2 ICU",0
"11-Jul-2021 17:21","International hospital kampala","IMV & NIV","4 ICU&3HDU","1 HDU",0
"11-Jul-2021 17:21","Medipal international hospital","HFO, NIV & IMV","9 ICU","3 ICU",0
"11-Jul-2021 17:21","TMR international hospital","NIV, IMV","17 ICU & 24HDU","5 ICU",0
"11-Jul-2021 17:21","Case medical centre","NIV, IMV","7 ICU","2 ICU",0
"11-Jul-2021 17:21","Norvik Hospital","NIV, IMV","5 ICU","FULL",0
"11-Jul-2021 17:21","Platinum hospital","NIV, IMV","4 ICU","FULL",0
"11-Jul-2021 17:21","Mengo Hospital","HFO & NIV","4 ICU","FULL",NA
"11-Jul-2021 17:21","Nsambya hospital","NIV, IMV","6 ICU","FULL",NA
"11-Jul-2021 17:21","Rubaga Hospital","NIV, IMV","3 ICU","1 ICU",NA
"11-Jul-2021 17:21","UMC Victoria Hospital","NIV, IMV","7 ICU & 7 HDU","FULL",NA
"11-Jul-2021 18:21","Nakasero hospital ltd","IMV & NIV","4 ICU/ 12 HDU","5 HDU",0
"11-Jul-2021 18:21","Kampala hospital ltd","IMV & NIV","4 ICU","2 ICU",0
"11-Jul-2021 18:21","International hospital kampala","IMV & NIV","4 ICU&3HDU","1 HDU",0
"11-Jul-2021 18:21","Medipal international hospital","HFO, NIV & IMV","9 ICU","3 ICU",0
"11-Jul-2021 18:21","TMR international hospital","NIV, IMV","17 ICU & 24HDU","5 ICU",0
"11-Jul-2021 18:21","Case medical centre","NIV, IMV","7 ICU","2 ICU",0
"11-Jul-2021 18:21","Norvik Hospital","NIV, IMV","5 ICU","FULL",0
"11-Jul-2021 18:21","Platinum hospital","NIV, IMV","4 ICU","FULL",0
"11-Jul-2021 18:21","Mengo Hospital","HFO & NIV","4 ICU","FULL",NA
"11-Jul-2021 18:21","Nsambya hospital","NIV, IMV","6 ICU","FULL",NA
"11-Jul-2021 18:21","Rubaga Hospital","NIV, IMV","3 ICU","1 ICU",NA
"11-Jul-2021 18:21","UMC Victoria Hospital","NIV, IMV","7 ICU & 7 HDU","FULL",NA
"11-Jul-2021 19:14","Nakasero hospital ltd","IMV & NIV","4 ICU/ 12 HDU","5 HDU",0
"11-Jul-2021 19:14","Kampala hospital ltd","IMV & NIV","4 ICU","2 ICU",0
"11-Jul-2021 19:14","International hospital kampala","IMV & NIV","4 ICU&3HDU","1 HDU",0
"11-Jul-2021 19:14","Medipal international hospital","HFO, NIV & IMV","9 ICU","3 ICU",0
"11-Jul-2021 19:14","TMR international hospital","NIV, IMV","17 ICU & 24HDU","5 ICU",0
"11-Jul-2021 19:14","Case medical centre","NIV, IMV","7 ICU","2 ICU",0
"11-Jul-2021 19:14","Norvik Hospital","NIV, IMV","5 ICU","FULL",0
"11-Jul-2021 19:14","Platinum hospital","NIV, IMV","4 ICU","FULL",0
"11-Jul-2021 19:14","Mengo Hospital","HFO & NIV","4 ICU","FULL",NA
"11-Jul-2021 19:14","Nsambya hospital","NIV, IMV","6 ICU","FULL",NA
"11-Jul-2021 19:14","Rubaga Hospital","NIV, IMV","3 ICU","1 ICU",NA
"11-Jul-2021 19:14","UMC Victoria Hospital","NIV, IMV","7 ICU & 7 HDU","FULL",NA
"11-Jul-2021 20:17","Nakasero hospital ltd","IMV & NIV","4 ICU/ 12 HDU","5 HDU",0
"11-Jul-2021 20:17","Kampala hospital ltd","IMV & NIV","4 ICU","2 ICU",0
"11-Jul-2021 20:17","International hospital kampala","IMV & NIV","4 ICU&3HDU","1 HDU",0
"11-Jul-2021 20:17","Medipal international hospital","HFO, NIV & IMV","9 ICU","3 ICU",0
"11-Jul-2021 20:17","TMR international hospital","NIV, IMV","17 ICU & 24HDU","5 ICU",0
"11-Jul-2021 20:17","Case medical centre","NIV, IMV","7 ICU","2 ICU",0
"11-Jul-2021 20:17","Norvik Hospital","NIV, IMV","5 ICU","FULL",0
"11-Jul-2021 20:17","Platinum hospital","NIV, IMV","4 ICU","FULL",0
"11-Jul-2021 20:17","Mengo Hospital","HFO & NIV","4 ICU","FULL",NA
"11-Jul-2021 20:17","Nsambya hospital","NIV, IMV","6 ICU","FULL",NA
"11-Jul-2021 20:17","Rubaga Hospital","NIV, IMV","3 ICU","1 ICU",NA
"11-Jul-2021 20:17","UMC Victoria Hospital","NIV, IMV","7 ICU & 7 HDU","FULL",NA
"11-Jul-2021 21:17","Nakasero hospital ltd","IMV & NIV","4 ICU/ 12 HDU","5 HDU",0
"11-Jul-2021 21:17","Kampala hospital ltd","IMV & NIV","4 ICU","2 ICU",0
"11-Jul-2021 21:17","International hospital kampala","IMV & NIV","4 ICU&3HDU","1 HDU",0
"11-Jul-2021 21:17","Medipal international hospital","HFO, NIV & IMV","9 ICU","3 ICU",0
"11-Jul-2021 21:17","TMR international hospital","NIV, IMV","17 ICU & 24HDU","5 ICU",0
"11-Jul-2021 21:17","Case medical centre","NIV, IMV","7 ICU","2 ICU",0
"11-Jul-2021 21:17","Norvik Hospital","NIV, IMV","5 ICU","FULL",0
"11-Jul-2021 21:17","Platinum hospital","NIV, IMV","4 ICU","FULL",0
"11-Jul-2021 21:17","Mengo Hospital","HFO & NIV","4 ICU","FULL",NA
"11-Jul-2021 21:17","Nsambya hospital","NIV, IMV","6 ICU","FULL",NA
"11-Jul-2021 21:17","Rubaga Hospital","NIV, IMV","3 ICU","1 ICU",NA
"11-Jul-2021 21:17","UMC Victoria Hospital","NIV, IMV","7 ICU & 7 HDU","FULL",NA
"11-Jul-2021 22:17","Nakasero hospital ltd","IMV & NIV","4 ICU/ 12 HDU","5 HDU",0
"11-Jul-2021 22:17","Kampala hospital ltd","IMV & NIV","4 ICU","2 ICU",0
"11-Jul-2021 22:17","International hospital kampala","IMV & NIV","4 ICU&3HDU","1 HDU",0
"11-Jul-2021 22:17","Medipal international hospital","HFO, NIV & IMV","9 ICU","3 ICU",0
"11-Jul-2021 22:17","TMR international hospital","NIV, IMV","17 ICU & 24HDU","5 ICU",0
"11-Jul-2021 22:17","Case medical centre","NIV, IMV","7 ICU","2 ICU",0
"11-Jul-2021 22:17","Norvik Hospital","NIV, IMV","5 ICU","FULL",0
"11-Jul-2021 22:17","Platinum hospital","NIV, IMV","4 ICU","FULL",0
"11-Jul-2021 22:17","Mengo Hospital","HFO & NIV","4 ICU","FULL",NA
"11-Jul-2021 22:17","Nsambya hospital","NIV, IMV","6 ICU","FULL",NA
"11-Jul-2021 22:17","Rubaga Hospital","NIV, IMV","3 ICU","1 ICU",NA
"11-Jul-2021 22:17","UMC Victoria Hospital","NIV, IMV","7 ICU & 7 HDU","FULL",NA
"11-Jul-2021 23:17","Nakasero hospital ltd","IMV & NIV","4 ICU/ 12 HDU","5 HDU",0
"11-Jul-2021 23:17","Kampala hospital ltd","IMV & NIV","4 ICU","2 ICU",0
"11-Jul-2021 23:17","International hospital kampala","IMV & NIV","4 ICU&3HDU","1 HDU",0
"11-Jul-2021 23:17","Medipal international hospital","HFO, NIV & IMV","9 ICU","3 ICU",0
"11-Jul-2021 23:17","TMR international hospital","NIV, IMV","17 ICU & 24HDU","5 ICU",0
"11-Jul-2021 23:17","Case medical centre","NIV, IMV","7 ICU","2 ICU",0
"11-Jul-2021 23:17","Norvik Hospital","NIV, IMV","5 ICU","FULL",0
"11-Jul-2021 23:17","Platinum hospital","NIV, IMV","4 ICU","FULL",0
"11-Jul-2021 23:17","Mengo Hospital","HFO & NIV","4 ICU","FULL",NA
"11-Jul-2021 23:17","Nsambya hospital","NIV, IMV","6 ICU","FULL",NA
"11-Jul-2021 23:17","Rubaga Hospital","NIV, IMV","3 ICU","1 ICU",NA
"11-Jul-2021 23:17","UMC Victoria Hospital","NIV, IMV","7 ICU & 7 HDU","FULL",NA
"12-Jul-2021 00:53","Nakasero hospital ltd","IMV & NIV","4 ICU/ 12 HDU","5 HDU",0
"12-Jul-2021 00:53","Kampala hospital ltd","IMV & NIV","4 ICU","2 ICU",0
"12-Jul-2021 00:53","International hospital kampala","IMV & NIV","4 ICU&3HDU","1 HDU",0
"12-Jul-2021 00:53","Medipal international hospital","HFO, NIV & IMV","9 ICU","3 ICU",0
"12-Jul-2021 00:53","TMR international hospital","NIV, IMV","17 ICU & 24HDU","5 ICU",0
"12-Jul-2021 00:53","Case medical centre","NIV, IMV","7 ICU","2 ICU",0
"12-Jul-2021 00:53","Norvik Hospital","NIV, IMV","5 ICU","FULL",0
"12-Jul-2021 00:53","Platinum hospital","NIV, IMV","4 ICU","FULL",0
"12-Jul-2021 00:53","Mengo Hospital","HFO & NIV","4 ICU","FULL",NA
"12-Jul-2021 00:53","Nsambya hospital","NIV, IMV","6 ICU","FULL",NA
"12-Jul-2021 00:53","Rubaga Hospital","NIV, IMV","3 ICU","1 ICU",NA
"12-Jul-2021 00:53","UMC Victoria Hospital","NIV, IMV","7 ICU & 7 HDU","FULL",NA
"12-Jul-2021 02:00","Nakasero hospital ltd","IMV & NIV","4 ICU/ 12 HDU","5 HDU",0
"12-Jul-2021 02:00","Kampala hospital ltd","IMV & NIV","4 ICU","2 ICU",0
"12-Jul-2021 02:00","International hospital kampala","IMV & NIV","4 ICU&3HDU","1 HDU",0
"12-Jul-2021 02:00","Medipal international hospital","HFO, NIV & IMV","9 ICU","3 ICU",0
"12-Jul-2021 02:00","TMR international hospital","NIV, IMV","17 ICU & 24HDU","5 ICU",0
"12-Jul-2021 02:00","Case medical centre","NIV, IMV","7 ICU","2 ICU",0
"12-Jul-2021 02:00","Norvik Hospital","NIV, IMV","5 ICU","FULL",0
"12-Jul-2021 02:00","Platinum hospital","NIV, IMV","4 ICU","FULL",0
"12-Jul-2021 02:00","Mengo Hospital","HFO & NIV","4 ICU","FULL",NA
"12-Jul-2021 02:00","Nsambya hospital","NIV, IMV","6 ICU","FULL",NA
"12-Jul-2021 02:00","Rubaga Hospital","NIV, IMV","3 ICU","1 ICU",NA
"12-Jul-2021 02:00","UMC Victoria Hospital","NIV, IMV","7 ICU & 7 HDU","FULL",NA
"12-Jul-2021 02:32","Nakasero hospital ltd","IMV & NIV","4 ICU/ 12 HDU","5 HDU",0
"12-Jul-2021 02:32","Kampala hospital ltd","IMV & NIV","4 ICU","2 ICU",0
"12-Jul-2021 02:32","International hospital kampala","IMV & NIV","4 ICU&3HDU","1 HDU",0
"12-Jul-2021 02:32","Medipal international hospital","HFO, NIV & IMV","9 ICU","3 ICU",0
"12-Jul-2021 02:32","TMR international hospital","NIV, IMV","17 ICU & 24HDU","5 ICU",0
"12-Jul-2021 02:32","Case medical centre","NIV, IMV","7 ICU","2 ICU",0
"12-Jul-2021 02:32","Norvik Hospital","NIV, IMV","5 ICU","FULL",0
"12-Jul-2021 02:32","Platinum hospital","NIV, IMV","4 ICU","FULL",0
"12-Jul-2021 02:32","Mengo Hospital","HFO & NIV","4 ICU","FULL",NA
"12-Jul-2021 02:32","Nsambya hospital","NIV, IMV","6 ICU","FULL",NA
"12-Jul-2021 02:32","Rubaga Hospital","NIV, IMV","3 ICU","1 ICU",NA
"12-Jul-2021 02:32","UMC Victoria Hospital","NIV, IMV","7 ICU & 7 HDU","FULL",NA
"12-Jul-2021 03:21","Nakasero hospital ltd","IMV & NIV","4 ICU/ 12 HDU","5 HDU",0
"12-Jul-2021 03:21","Kampala hospital ltd","IMV & NIV","4 ICU","2 ICU",0
"12-Jul-2021 03:21","International hospital kampala","IMV & NIV","4 ICU&3HDU","1 HDU",0
"12-Jul-2021 03:21","Medipal international hospital","HFO, NIV & IMV","9 ICU","3 ICU",0
"12-Jul-2021 03:21","TMR international hospital","NIV, IMV","17 ICU & 24HDU","5 ICU",0
"12-Jul-2021 03:21","Case medical centre","NIV, IMV","7 ICU","2 ICU",0
"12-Jul-2021 03:21","Norvik Hospital","NIV, IMV","5 ICU","FULL",0
"12-Jul-2021 03:21","Platinum hospital","NIV, IMV","4 ICU","FULL",0
"12-Jul-2021 03:21","Mengo Hospital","HFO & NIV","4 ICU","FULL",NA
"12-Jul-2021 03:21","Nsambya hospital","NIV, IMV","6 ICU","FULL",NA
"12-Jul-2021 03:21","Rubaga Hospital","NIV, IMV","3 ICU","1 ICU",NA
"12-Jul-2021 03:21","UMC Victoria Hospital","NIV, IMV","7 ICU & 7 HDU","FULL",NA
"12-Jul-2021 04:23","Nakasero hospital ltd","IMV & NIV","4 ICU/ 12 HDU","5 HDU",0
"12-Jul-2021 04:23","Kampala hospital ltd","IMV & NIV","4 ICU","2 ICU",0
"12-Jul-2021 04:23","International hospital kampala","IMV & NIV","4 ICU&3HDU","1 HDU",0
"12-Jul-2021 04:23","Medipal international hospital","HFO, NIV & IMV","9 ICU","3 ICU",0
"12-Jul-2021 04:23","TMR international hospital","NIV, IMV","17 ICU & 24HDU","5 ICU",0
"12-Jul-2021 04:23","Case medical centre","NIV, IMV","7 ICU","2 ICU",0
"12-Jul-2021 04:23","Norvik Hospital","NIV, IMV","5 ICU","FULL",0
"12-Jul-2021 04:23","Platinum hospital","NIV, IMV","4 ICU","FULL",0
"12-Jul-2021 04:23","Mengo Hospital","HFO & NIV","4 ICU","FULL",NA
"12-Jul-2021 04:23","Nsambya hospital","NIV, IMV","6 ICU","FULL",NA
"12-Jul-2021 04:23","Rubaga Hospital","NIV, IMV","3 ICU","1 ICU",NA
"12-Jul-2021 04:23","UMC Victoria Hospital","NIV, IMV","7 ICU & 7 HDU","FULL",NA
"12-Jul-2021 05:16","Nakasero hospital ltd","IMV & NIV","4 ICU/ 12 HDU","5 HDU",0
"12-Jul-2021 05:16","Kampala hospital ltd","IMV & NIV","4 ICU","2 ICU",0
"12-Jul-2021 05:16","International hospital kampala","IMV & NIV","4 ICU&3HDU","1 HDU",0
"12-Jul-2021 05:16","Medipal international hospital","HFO, NIV & IMV","9 ICU","3 ICU",0
"12-Jul-2021 05:16","TMR international hospital","NIV, IMV","17 ICU & 24HDU","5 ICU",0
"12-Jul-2021 05:16","Case medical centre","NIV, IMV","7 ICU","2 ICU",0
"12-Jul-2021 05:16","Norvik Hospital","NIV, IMV","5 ICU","FULL",0
"12-Jul-2021 05:16","Platinum hospital","NIV, IMV","4 ICU","FULL",0
"12-Jul-2021 05:16","Mengo Hospital","HFO & NIV","4 ICU","FULL",NA
"12-Jul-2021 05:16","Nsambya hospital","NIV, IMV","6 ICU","FULL",NA
"12-Jul-2021 05:16","Rubaga Hospital","NIV, IMV","3 ICU","1 ICU",NA
"12-Jul-2021 05:16","UMC Victoria Hospital","NIV, IMV","7 ICU & 7 HDU","FULL",NA
"12-Jul-2021 06:23","Nakasero hospital ltd","IMV & NIV","4 ICU/ 12 HDU","5 HDU",0
"12-Jul-2021 06:23","Kampala hospital ltd","IMV & NIV","4 ICU","2 ICU",0
"12-Jul-2021 06:23","International hospital kampala","IMV & NIV","4 ICU&3HDU","1 HDU",0
"12-Jul-2021 06:23","Medipal international hospital","HFO, NIV & IMV","9 ICU","3 ICU",0
"12-Jul-2021 06:23","TMR international hospital","NIV, IMV","17 ICU & 24HDU","5 ICU",0
"12-Jul-2021 06:23","Case medical centre","NIV, IMV","7 ICU","2 ICU",0
"12-Jul-2021 06:23","Norvik Hospital","NIV, IMV","5 ICU","FULL",0
"12-Jul-2021 06:23","Platinum hospital","NIV, IMV","4 ICU","FULL",0
"12-Jul-2021 06:23","Mengo Hospital","HFO & NIV","4 ICU","FULL",NA
"12-Jul-2021 06:23","Nsambya hospital","NIV, IMV","6 ICU","FULL",NA
"12-Jul-2021 06:23","Rubaga Hospital","NIV, IMV","3 ICU","1 ICU",NA
"12-Jul-2021 06:23","UMC Victoria Hospital","NIV, IMV","7 ICU & 7 HDU","FULL",NA
"12-Jul-2021 07:16","Nakasero hospital ltd","IMV & NIV","4 ICU/ 12 HDU","5 HDU",0
"12-Jul-2021 07:16","Kampala hospital ltd","IMV & NIV","4 ICU","2 ICU",0
"12-Jul-2021 07:16","International hospital kampala","IMV & NIV","4 ICU&3HDU","1 HDU",0
"12-Jul-2021 07:16","Medipal international hospital","HFO, NIV & IMV","9 ICU","3 ICU",0
"12-Jul-2021 07:16","TMR international hospital","NIV, IMV","17 ICU & 24HDU","5 ICU",0
"12-Jul-2021 07:16","Case medical centre","NIV, IMV","7 ICU","2 ICU",0
"12-Jul-2021 07:16","Norvik Hospital","NIV, IMV","5 ICU","FULL",0
"12-Jul-2021 07:16","Platinum hospital","NIV, IMV","4 ICU","FULL",0
"12-Jul-2021 07:16","Mengo Hospital","HFO & NIV","4 ICU","FULL",NA
"12-Jul-2021 07:16","Nsambya hospital","NIV, IMV","6 ICU","FULL",NA
"12-Jul-2021 07:16","Rubaga Hospital","NIV, IMV","3 ICU","1 ICU",NA
"12-Jul-2021 07:16","UMC Victoria Hospital","NIV, IMV","7 ICU & 7 HDU","FULL",NA
"12-Jul-2021 08:20","Nakasero hospital ltd","IMV & NIV","4 ICU/ 12 HDU","5 HDU",0
"12-Jul-2021 08:20","Kampala hospital ltd","IMV & NIV","4 ICU","2 ICU",0
"12-Jul-2021 08:20","International hospital kampala","IMV & NIV","4 ICU&3HDU","1 HDU",0
"12-Jul-2021 08:20","Medipal international hospital","HFO, NIV & IMV","9 ICU","3 ICU",0
"12-Jul-2021 08:20","TMR international hospital","NIV, IMV","17 ICU & 24HDU","5 ICU",0
"12-Jul-2021 08:20","Case medical centre","NIV, IMV","7 ICU","2 ICU",0
"12-Jul-2021 08:20","Norvik Hospital","NIV, IMV","5 ICU","FULL",0
"12-Jul-2021 08:20","Platinum hospital","NIV, IMV","4 ICU","FULL",0
"12-Jul-2021 08:20","Mengo Hospital","HFO & NIV","4 ICU","FULL",NA
"12-Jul-2021 08:20","Nsambya hospital","NIV, IMV","6 ICU","FULL",NA
"12-Jul-2021 08:20","Rubaga Hospital","NIV, IMV","3 ICU","1 ICU",NA
"12-Jul-2021 08:20","UMC Victoria Hospital","NIV, IMV","7 ICU & 7 HDU","FULL",NA
"12-Jul-2021 09:19","Nakasero hospital ltd","IMV & NIV","4 ICU/ 12 HDU","5 HDU",0
"12-Jul-2021 09:19","Kampala hospital ltd","IMV & NIV","4 ICU","3 ICU",0
"12-Jul-2021 09:19","International hospital kampala","IMV & NIV","4 ICU&3HDU","1 ICU",0
"12-Jul-2021 09:19","Medipal international hospital","HFO, NIV & IMV","9 ICU","3 ICU",0
"12-Jul-2021 09:19","TMR international hospital","NIV, IMV","17 ICU & 24HDU","5 ICU",0
"12-Jul-2021 09:19","Case medical centre","NIV, IMV","7 ICU","2 ICU",0
"12-Jul-2021 09:19","Norvik Hospital","NIV, IMV","5 ICU","FULL",0
"12-Jul-2021 09:19","Platinum hospital","NIV, IMV","4 ICU","FULL",0
"12-Jul-2021 09:19","Mengo Hospital","HFO & NIV","4 ICU","FULL",NA
"12-Jul-2021 09:19","Nsambya hospital","NIV, IMV","6 ICU","FULL",NA
"12-Jul-2021 09:19","Rubaga Hospital","NIV, IMV","3 ICU","1 ICU",NA
"12-Jul-2021 09:19","UMC Victoria Hospital","NIV, IMV","7 ICU & 7 HDU","FULL",NA
"12-Jul-2021 10:20","Nakasero hospital ltd","IMV & NIV","4 ICU/ 12 HDU","5 HDU",0
"12-Jul-2021 10:20","Kampala hospital ltd","IMV & NIV","4 ICU","3 ICU",0
"12-Jul-2021 10:20","International hospital kampala","IMV & NIV","4 ICU&3HDU","1 ICU",0
"12-Jul-2021 10:20","Medipal international hospital","HFO, NIV & IMV","9 ICU","3 ICU",0
"12-Jul-2021 10:20","TMR international hospital","NIV, IMV","17 ICU & 24HDU","3 ICU",0
"12-Jul-2021 10:20","Case medical centre","NIV, IMV","7 ICU","2 ICU",0
"12-Jul-2021 10:20","Norvik Hospital","NIV, IMV","5 ICU","FULL",0
"12-Jul-2021 10:20","Platinum hospital","NIV, IMV","4 ICU","FULL",0
"12-Jul-2021 10:20","Mengo Hospital","HFO & NIV","4 ICU","FULL",NA
"12-Jul-2021 10:20","Nsambya hospital","NIV, IMV","6 ICU","FULL",NA
"12-Jul-2021 10:20","Rubaga Hospital","NIV, IMV","3 ICU","1 ICU",NA
"12-Jul-2021 10:20","UMC Victoria Hospital","NIV, IMV","7 ICU & 7 HDU","FULL",NA
"12-Jul-2021 11:15","Nakasero hospital ltd","IMV & NIV","4 ICU/ 12 HDU","5 HDU",0
"12-Jul-2021 11:15","Kampala hospital ltd","IMV & NIV","4 ICU","3 ICU",0
"12-Jul-2021 11:15","International hospital kampala","IMV & NIV","4 ICU&3HDU","1 ICU",0
"12-Jul-2021 11:15","Medipal international hospital","HFO, NIV & IMV","9 ICU","3 ICU",0
"12-Jul-2021 11:15","TMR international hospital","NIV, IMV","17 ICU & 24HDU","3 ICU",0
"12-Jul-2021 11:15","Case medical centre","NIV, IMV","7 ICU","2 ICU",0
"12-Jul-2021 11:15","Norvik Hospital","NIV, IMV","5 ICU","FULL",0
"12-Jul-2021 11:15","Platinum hospital","NIV, IMV","4 ICU","FULL",0
"12-Jul-2021 11:15","Mengo Hospital","HFO & NIV","4 ICU","FULL",NA
"12-Jul-2021 11:15","Nsambya hospital","NIV, IMV","6 ICU","FULL",NA
"12-Jul-2021 11:15","Rubaga Hospital","NIV, IMV","3 ICU","1 ICU",NA
"12-Jul-2021 11:15","UMC Victoria Hospital","NIV, IMV","7 ICU & 7 HDU","FULL",NA
"12-Jul-2021 12:28","Nakasero hospital ltd","IMV & NIV","4 ICU/ 12 HDU","5 HDU",0
"12-Jul-2021 12:28","Kampala hospital ltd","IMV & NIV","4 ICU","3 ICU",0
"12-Jul-2021 12:28","International hospital kampala","IMV & NIV","4 ICU&3HDU","1 ICU",0
"12-Jul-2021 12:28","Medipal international hospital","HFO, NIV & IMV","9 ICU","3 ICU",0
"12-Jul-2021 12:28","TMR international hospital","NIV, IMV","17 ICU & 24HDU","3 ICU",0
"12-Jul-2021 12:28","Case medical centre","NIV, IMV","7 ICU","2 ICU",0
"12-Jul-2021 12:28","Norvik Hospital","NIV, IMV","5 ICU","FULL",0
"12-Jul-2021 12:28","Platinum hospital","NIV, IMV","4 ICU","FULL",0
"12-Jul-2021 12:28","Mengo Hospital","HFO & NIV","4 ICU","FULL",NA
"12-Jul-2021 12:28","Nsambya hospital","NIV, IMV","6 ICU","FULL",NA
"12-Jul-2021 12:28","Rubaga Hospital","NIV, IMV","3 ICU","1 ICU",NA
"12-Jul-2021 12:28","UMC Victoria Hospital","NIV, IMV","7 ICU & 7 HDU","FULL",NA
"12-Jul-2021 13:24","Nakasero hospital ltd","IMV & NIV","4 ICU/ 12 HDU","5 HDU",0
"12-Jul-2021 13:24","Kampala hospital ltd","IMV & NIV","4 ICU","3 ICU",0
"12-Jul-2021 13:24","International hospital kampala","IMV & NIV","4 ICU&3HDU","1 ICU",0
"12-Jul-2021 13:24","Medipal international hospital","HFO, NIV & IMV","9 ICU","3 ICU",0
"12-Jul-2021 13:24","TMR international hospital","NIV, IMV","17 ICU & 24HDU","3 ICU",0
"12-Jul-2021 13:24","Case medical centre","NIV, IMV","7 ICU","2 ICU",0
"12-Jul-2021 13:24","Norvik Hospital","NIV, IMV","5 ICU","FULL",0
"12-Jul-2021 13:24","Platinum hospital","NIV, IMV","4 ICU","FULL",0
"12-Jul-2021 13:24","Mengo Hospital","HFO & NIV","4 ICU","FULL",NA
"12-Jul-2021 13:24","Nsambya hospital","NIV, IMV","6 ICU","FULL",NA
"12-Jul-2021 13:24","Rubaga Hospital","NIV, IMV","3 ICU","1 ICU",NA
"12-Jul-2021 13:24","UMC Victoria Hospital","NIV, IMV","7 ICU & 7 HDU","FULL",NA
"12-Jul-2021 14:16","Nakasero hospital ltd","IMV & NIV","4 ICU/ 12 HDU","5 HDU",0
"12-Jul-2021 14:16","Kampala hospital ltd","IMV & NIV","4 ICU","3 ICU",0
"12-Jul-2021 14:16","International hospital kampala","IMV & NIV","4 ICU&3HDU","1 ICU",0
"12-Jul-2021 14:16","Medipal international hospital","HFO, NIV & IMV","9 ICU","3 ICU",0
"12-Jul-2021 14:16","TMR international hospital","NIV, IMV","17 ICU & 24HDU","3 ICU",0
"12-Jul-2021 14:16","Case medical centre","NIV, IMV","7 ICU","2 ICU",0
"12-Jul-2021 14:16","Norvik Hospital","NIV, IMV","5 ICU","FULL",0
"12-Jul-2021 14:16","Platinum hospital","NIV, IMV","4 ICU","FULL",0
"12-Jul-2021 14:16","Mengo Hospital","HFO & NIV","4 ICU","FULL",NA
"12-Jul-2021 14:16","Nsambya hospital","NIV, IMV","6 ICU","FULL",NA
"12-Jul-2021 14:16","Rubaga Hospital","NIV, IMV","3 ICU","1 ICU",NA
"12-Jul-2021 14:16","UMC Victoria Hospital","NIV, IMV","7 ICU & 7 HDU","FULL",NA
"12-Jul-2021 15:20","Nakasero hospital ltd","IMV & NIV","4 ICU/ 12 HDU","5 HDU",0
"12-Jul-2021 15:20","Kampala hospital ltd","IMV & NIV","4 ICU","3 ICU",0
"12-Jul-2021 15:20","International hospital kampala","IMV & NIV","4 ICU&3HDU","1 ICU",0
"12-Jul-2021 15:20","Medipal international hospital","HFO, NIV & IMV","9 ICU","3 ICU",0
"12-Jul-2021 15:20","TMR international hospital","NIV, IMV","17 ICU & 24HDU","3 ICU",0
"12-Jul-2021 15:20","Case medical centre","NIV, IMV","7 ICU","2 ICU",0
"12-Jul-2021 15:20","Norvik Hospital","NIV, IMV","5 ICU","FULL",0
"12-Jul-2021 15:20","Platinum hospital","NIV, IMV","4 ICU","FULL",0
"12-Jul-2021 15:20","Mengo Hospital","HFO & NIV","4 ICU","FULL",NA
"12-Jul-2021 15:20","Nsambya hospital","NIV, IMV","6 ICU","FULL",NA
"12-Jul-2021 15:20","Rubaga Hospital","NIV, IMV","3 ICU","1 ICU",NA
"12-Jul-2021 15:20","UMC Victoria Hospital","NIV, IMV","7 ICU & 7 HDU","FULL",NA
"12-Jul-2021 16:27","Nakasero hospital ltd","IMV & NIV","4 ICU/ 12 HDU","5 HDU",0
"12-Jul-2021 16:27","Kampala hospital ltd","IMV & NIV","4 ICU","3 ICU",0
"12-Jul-2021 16:27","International hospital kampala","IMV & NIV","4 ICU&3HDU","1 ICU",0
"12-Jul-2021 16:27","Medipal international hospital","HFO, NIV & IMV","9 ICU","3 ICU",0
"12-Jul-2021 16:27","TMR international hospital","NIV, IMV","17 ICU & 24HDU","3 ICU",0
"12-Jul-2021 16:27","Case medical centre","NIV, IMV","7 ICU","2 ICU",0
"12-Jul-2021 16:27","Norvik Hospital","NIV, IMV","5 ICU","FULL",0
"12-Jul-2021 16:27","Platinum hospital","NIV, IMV","4 ICU","FULL",0
"12-Jul-2021 16:27","Mengo Hospital","HFO & NIV","4 ICU","FULL",NA
"12-Jul-2021 16:27","Nsambya hospital","NIV, IMV","6 ICU","FULL",NA
"12-Jul-2021 16:27","Rubaga Hospital","NIV, IMV","3 ICU","1 ICU",NA
"12-Jul-2021 16:27","UMC Victoria Hospital","NIV, IMV","7 ICU & 7 HDU","FULL",NA
"12-Jul-2021 17:25","Nakasero hospital ltd","IMV & NIV","4 ICU/ 12 HDU","5 HDU",0
"12-Jul-2021 17:25","Kampala hospital ltd","IMV & NIV","4 ICU","3 ICU",0
"12-Jul-2021 17:25","International hospital kampala","IMV & NIV","4 ICU&3HDU","1 ICU",0
"12-Jul-2021 17:25","Medipal international hospital","HFO, NIV & IMV","9 ICU","3 ICU",0
"12-Jul-2021 17:25","TMR international hospital","NIV, IMV","17 ICU & 24HDU","3 ICU",0
"12-Jul-2021 17:25","Case medical centre","NIV, IMV","7 ICU","2 ICU",0
"12-Jul-2021 17:25","Norvik Hospital","NIV, IMV","5 ICU","FULL",0
"12-Jul-2021 17:25","Platinum hospital","NIV, IMV","4 ICU","FULL",0
"12-Jul-2021 17:25","Mengo Hospital","HFO & NIV","4 ICU","FULL",NA
"12-Jul-2021 17:25","Nsambya hospital","NIV, IMV","6 ICU","FULL",NA
"12-Jul-2021 17:25","Rubaga Hospital","NIV, IMV","3 ICU","1 ICU",NA
"12-Jul-2021 17:25","UMC Victoria Hospital","NIV, IMV","7 ICU & 7 HDU","FULL",NA
"12-Jul-2021 18:23","Nakasero hospital ltd","IMV & NIV","4 ICU/ 12 HDU","5 HDU",0
"12-Jul-2021 18:23","Kampala hospital ltd","IMV & NIV","4 ICU","3 ICU",0
"12-Jul-2021 18:23","International hospital kampala","IMV & NIV","4 ICU&3HDU","1 ICU",0
"12-Jul-2021 18:23","Medipal international hospital","HFO, NIV & IMV","9 ICU","3 ICU",0
"12-Jul-2021 18:23","TMR international hospital","NIV, IMV","17 ICU & 24HDU","3 ICU",0
"12-Jul-2021 18:23","Case medical centre","NIV, IMV","7 ICU","2 ICU",0
"12-Jul-2021 18:23","Norvik Hospital","NIV, IMV","5 ICU","FULL",0
"12-Jul-2021 18:23","Platinum hospital","NIV, IMV","4 ICU","FULL",0
"12-Jul-2021 18:23","Mengo Hospital","HFO & NIV","4 ICU","FULL",NA
"12-Jul-2021 18:23","Nsambya hospital","NIV, IMV","6 ICU","FULL",NA
"12-Jul-2021 18:23","Rubaga Hospital","NIV, IMV","3 ICU","1 ICU",NA
"12-Jul-2021 18:23","UMC Victoria Hospital","NIV, IMV","7 ICU & 7 HDU","FULL",NA
"12-Jul-2021 19:15","Nakasero hospital ltd","IMV & NIV","4 ICU/ 12 HDU","5 HDU",0
"12-Jul-2021 19:15","Kampala hospital ltd","IMV & NIV","4 ICU","3 ICU",0
"12-Jul-2021 19:15","International hospital kampala","IMV & NIV","4 ICU&3HDU","1 ICU",0
"12-Jul-2021 19:15","Medipal international hospital","HFO, NIV & IMV","9 ICU","3 ICU",0
"12-Jul-2021 19:15","TMR international hospital","NIV, IMV","17 ICU & 24HDU","3 ICU",0
"12-Jul-2021 19:15","Case medical centre","NIV, IMV","7 ICU","2 ICU",0
"12-Jul-2021 19:15","Norvik Hospital","NIV, IMV","5 ICU","FULL",0
"12-Jul-2021 19:15","Platinum hospital","NIV, IMV","4 ICU","FULL",0
"12-Jul-2021 19:15","Mengo Hospital","HFO & NIV","4 ICU","FULL",NA
"12-Jul-2021 19:15","Nsambya hospital","NIV, IMV","6 ICU","FULL",NA
"12-Jul-2021 19:15","Rubaga Hospital","NIV, IMV","3 ICU","1 ICU",NA
"12-Jul-2021 19:15","UMC Victoria Hospital","NIV, IMV","7 ICU & 7 HDU","FULL",NA
"12-Jul-2021 20:17","Nakasero hospital ltd","IMV & NIV","4 ICU/ 12 HDU","5 HDU",0
"12-Jul-2021 20:17","Kampala hospital ltd","IMV & NIV","4 ICU","3 ICU",0
"12-Jul-2021 20:17","International hospital kampala","IMV & NIV","4 ICU&3HDU","1 ICU",0
"12-Jul-2021 20:17","Medipal international hospital","HFO, NIV & IMV","9 ICU","3 ICU",0
"12-Jul-2021 20:17","TMR international hospital","NIV, IMV","17 ICU & 24HDU","3 ICU",0
"12-Jul-2021 20:17","Case medical centre","NIV, IMV","7 ICU","2 ICU",0
"12-Jul-2021 20:17","Norvik Hospital","NIV, IMV","5 ICU","FULL",0
"12-Jul-2021 20:17","Platinum hospital","NIV, IMV","4 ICU","FULL",0
"12-Jul-2021 20:17","Mengo Hospital","HFO & NIV","4 ICU","FULL",NA
"12-Jul-2021 20:17","Nsambya hospital","NIV, IMV","6 ICU","FULL",NA
"12-Jul-2021 20:17","Rubaga Hospital","NIV, IMV","3 ICU","1 ICU",NA
"12-Jul-2021 20:17","UMC Victoria Hospital","NIV, IMV","7 ICU & 7 HDU","FULL",NA
"12-Jul-2021 21:15","Nakasero hospital ltd","IMV & NIV","4 ICU/ 12 HDU","5 HDU",0
"12-Jul-2021 21:15","Kampala hospital ltd","IMV & NIV","4 ICU","3 ICU",0
"12-Jul-2021 21:15","International hospital kampala","IMV & NIV","4 ICU&3HDU","1 ICU",0
"12-Jul-2021 21:15","Medipal international hospital","HFO, NIV & IMV","9 ICU","3 ICU",0
"12-Jul-2021 21:15","TMR international hospital","NIV, IMV","17 ICU & 24HDU","3 ICU",0
"12-Jul-2021 21:15","Case medical centre","NIV, IMV","7 ICU","2 ICU",0
"12-Jul-2021 21:15","Norvik Hospital","NIV, IMV","5 ICU","FULL",0
"12-Jul-2021 21:15","Platinum hospital","NIV, IMV","4 ICU","FULL",0
"12-Jul-2021 21:15","Mengo Hospital","HFO & NIV","4 ICU","FULL",NA
"12-Jul-2021 21:15","Nsambya hospital","NIV, IMV","6 ICU","FULL",NA
"12-Jul-2021 21:15","Rubaga Hospital","NIV, IMV","3 ICU","1 ICU",NA
"12-Jul-2021 21:15","UMC Victoria Hospital","NIV, IMV","7 ICU & 7 HDU","FULL",NA
"12-Jul-2021 22:15","Nakasero hospital ltd","IMV & NIV","4 ICU/ 12 HDU","5 HDU",0
"12-Jul-2021 22:15","Kampala hospital ltd","IMV & NIV","4 ICU","3 ICU",0
"12-Jul-2021 22:15","International hospital kampala","IMV & NIV","4 ICU&3HDU","1 ICU",0
"12-Jul-2021 22:15","Medipal international hospital","HFO, NIV & IMV","9 ICU","3 ICU",0
"12-Jul-2021 22:15","TMR international hospital","NIV, IMV","17 ICU & 24HDU","3 ICU",0
"12-Jul-2021 22:15","Case medical centre","NIV, IMV","7 ICU","2 ICU",0
"12-Jul-2021 22:15","Norvik Hospital","NIV, IMV","5 ICU","FULL",0
"12-Jul-2021 22:15","Platinum hospital","NIV, IMV","4 ICU","FULL",0
"12-Jul-2021 22:15","Mengo Hospital","HFO & NIV","4 ICU","FULL",NA
"12-Jul-2021 22:15","Nsambya hospital","NIV, IMV","6 ICU","FULL",NA
"12-Jul-2021 22:15","Rubaga Hospital","NIV, IMV","3 ICU","1 ICU",NA
"12-Jul-2021 22:15","UMC Victoria Hospital","NIV, IMV","7 ICU & 7 HDU","FULL",NA
"12-Jul-2021 23:18","Nakasero hospital ltd","IMV & NIV","4 ICU/ 12 HDU","5 HDU",0
"12-Jul-2021 23:18","Kampala hospital ltd","IMV & NIV","4 ICU","3 ICU",0
"12-Jul-2021 23:18","International hospital kampala","IMV & NIV","4 ICU&3HDU","1 ICU",0
"12-Jul-2021 23:18","Medipal international hospital","HFO, NIV & IMV","9 ICU","3 ICU",0
"12-Jul-2021 23:18","TMR international hospital","NIV, IMV","17 ICU & 24HDU","3 ICU",0
"12-Jul-2021 23:18","Case medical centre","NIV, IMV","7 ICU","2 ICU",0
"12-Jul-2021 23:18","Norvik Hospital","NIV, IMV","5 ICU","FULL",0
"12-Jul-2021 23:18","Platinum hospital","NIV, IMV","4 ICU","FULL",0
"12-Jul-2021 23:18","Mengo Hospital","HFO & NIV","4 ICU","FULL",NA
"12-Jul-2021 23:18","Nsambya hospital","NIV, IMV","6 ICU","FULL",NA
"12-Jul-2021 23:18","Rubaga Hospital","NIV, IMV","3 ICU","1 ICU",NA
"12-Jul-2021 23:18","UMC Victoria Hospital","NIV, IMV","7 ICU & 7 HDU","FULL",NA
"13-Jul-2021 00:56","Nakasero hospital ltd","IMV & NIV","4 ICU/ 12 HDU","5 HDU",0
"13-Jul-2021 00:56","Kampala hospital ltd","IMV & NIV","4 ICU","3 ICU",0
"13-Jul-2021 00:56","International hospital kampala","IMV & NIV","4 ICU&3HDU","1 ICU",0
"13-Jul-2021 00:56","Medipal international hospital","HFO, NIV & IMV","9 ICU","3 ICU",0
"13-Jul-2021 00:56","TMR international hospital","NIV, IMV","17 ICU & 24HDU","3 ICU",0
"13-Jul-2021 00:56","Case medical centre","NIV, IMV","7 ICU","2 ICU",0
"13-Jul-2021 00:56","Norvik Hospital","NIV, IMV","5 ICU","FULL",0
"13-Jul-2021 00:56","Platinum hospital","NIV, IMV","4 ICU","FULL",0
"13-Jul-2021 00:56","Mengo Hospital","HFO & NIV","4 ICU","FULL",NA
"13-Jul-2021 00:56","Nsambya hospital","NIV, IMV","6 ICU","FULL",NA
"13-Jul-2021 00:56","Rubaga Hospital","NIV, IMV","3 ICU","1 ICU",NA
"13-Jul-2021 00:56","UMC Victoria Hospital","NIV, IMV","7 ICU & 7 HDU","FULL",NA
"13-Jul-2021 02:03","Nakasero hospital ltd","IMV & NIV","4 ICU/ 12 HDU","5 HDU",0
"13-Jul-2021 02:03","Kampala hospital ltd","IMV & NIV","4 ICU","3 ICU",0
"13-Jul-2021 02:03","International hospital kampala","IMV & NIV","4 ICU&3HDU","1 ICU",0
"13-Jul-2021 02:03","Medipal international hospital","HFO, NIV & IMV","9 ICU","3 ICU",0
"13-Jul-2021 02:03","TMR international hospital","NIV, IMV","17 ICU & 24HDU","3 ICU",0
"13-Jul-2021 02:03","Case medical centre","NIV, IMV","7 ICU","2 ICU",0
"13-Jul-2021 02:03","Norvik Hospital","NIV, IMV","5 ICU","FULL",0
"13-Jul-2021 02:03","Platinum hospital","NIV, IMV","4 ICU","FULL",0
"13-Jul-2021 02:03","Mengo Hospital","HFO & NIV","4 ICU","FULL",NA
"13-Jul-2021 02:03","Nsambya hospital","NIV, IMV","6 ICU","FULL",NA
"13-Jul-2021 02:03","Rubaga Hospital","NIV, IMV","3 ICU","1 ICU",NA
"13-Jul-2021 02:03","UMC Victoria Hospital","NIV, IMV","7 ICU & 7 HDU","FULL",NA
"13-Jul-2021 03:20","Nakasero hospital ltd","IMV & NIV","4 ICU/ 12 HDU","5 HDU",0
"13-Jul-2021 03:20","Kampala hospital ltd","IMV & NIV","4 ICU","3 ICU",0
"13-Jul-2021 03:20","International hospital kampala","IMV & NIV","4 ICU&3HDU","1 ICU",0
"13-Jul-2021 03:20","Medipal international hospital","HFO, NIV & IMV","9 ICU","3 ICU",0
"13-Jul-2021 03:20","TMR international hospital","NIV, IMV","17 ICU & 24HDU","3 ICU",0
"13-Jul-2021 03:20","Case medical centre","NIV, IMV","7 ICU","2 ICU",0
"13-Jul-2021 03:20","Norvik Hospital","NIV, IMV","5 ICU","FULL",0
"13-Jul-2021 03:20","Platinum hospital","NIV, IMV","4 ICU","FULL",0
"13-Jul-2021 03:20","Mengo Hospital","HFO & NIV","4 ICU","FULL",NA
"13-Jul-2021 03:20","Nsambya hospital","NIV, IMV","6 ICU","FULL",NA
"13-Jul-2021 03:20","Rubaga Hospital","NIV, IMV","3 ICU","1 ICU",NA
"13-Jul-2021 03:20","UMC Victoria Hospital","NIV, IMV","7 ICU & 7 HDU","FULL",NA
"13-Jul-2021 04:23","Nakasero hospital ltd","IMV & NIV","4 ICU/ 12 HDU","5 HDU",0
"13-Jul-2021 04:23","Kampala hospital ltd","IMV & NIV","4 ICU","3 ICU",0
"13-Jul-2021 04:23","International hospital kampala","IMV & NIV","4 ICU&3HDU","1 ICU",0
"13-Jul-2021 04:23","Medipal international hospital","HFO, NIV & IMV","9 ICU","3 ICU",0
"13-Jul-2021 04:23","TMR international hospital","NIV, IMV","17 ICU & 24HDU","3 ICU",0
"13-Jul-2021 04:23","Case medical centre","NIV, IMV","7 ICU","2 ICU",0
"13-Jul-2021 04:23","Norvik Hospital","NIV, IMV","5 ICU","FULL",0
"13-Jul-2021 04:23","Platinum hospital","NIV, IMV","4 ICU","FULL",0
"13-Jul-2021 04:23","Mengo Hospital","HFO & NIV","4 ICU","FULL",NA
"13-Jul-2021 04:23","Nsambya hospital","NIV, IMV","6 ICU","FULL",NA
"13-Jul-2021 04:23","Rubaga Hospital","NIV, IMV","3 ICU","1 ICU",NA
"13-Jul-2021 04:23","UMC Victoria Hospital","NIV, IMV","7 ICU & 7 HDU","FULL",NA
"13-Jul-2021 05:16","Nakasero hospital ltd","IMV & NIV","4 ICU/ 12 HDU","5 HDU",0
"13-Jul-2021 05:16","Kampala hospital ltd","IMV & NIV","4 ICU","3 ICU",0
"13-Jul-2021 05:16","International hospital kampala","IMV & NIV","4 ICU&3HDU","1 ICU",0
"13-Jul-2021 05:16","Medipal international hospital","HFO, NIV & IMV","9 ICU","3 ICU",0
"13-Jul-2021 05:16","TMR international hospital","NIV, IMV","17 ICU & 24HDU","3 ICU",0
"13-Jul-2021 05:16","Case medical centre","NIV, IMV","7 ICU","2 ICU",0
"13-Jul-2021 05:16","Norvik Hospital","NIV, IMV","5 ICU","FULL",0
"13-Jul-2021 05:16","Platinum hospital","NIV, IMV","4 ICU","FULL",0
"13-Jul-2021 05:16","Mengo Hospital","HFO & NIV","4 ICU","FULL",NA
"13-Jul-2021 05:16","Nsambya hospital","NIV, IMV","6 ICU","FULL",NA
"13-Jul-2021 05:16","Rubaga Hospital","NIV, IMV","3 ICU","1 ICU",NA
"13-Jul-2021 05:16","UMC Victoria Hospital","NIV, IMV","7 ICU & 7 HDU","FULL",NA
"13-Jul-2021 06:22","Nakasero hospital ltd","IMV & NIV","4 ICU/ 12 HDU","5 HDU",0
"13-Jul-2021 06:22","Kampala hospital ltd","IMV & NIV","4 ICU","3 ICU",0
"13-Jul-2021 06:22","International hospital kampala","IMV & NIV","4 ICU&3HDU","1 ICU",0
"13-Jul-2021 06:22","Medipal international hospital","HFO, NIV & IMV","9 ICU","3 ICU",0
"13-Jul-2021 06:22","TMR international hospital","NIV, IMV","17 ICU & 24HDU","3 ICU",0
"13-Jul-2021 06:22","Case medical centre","NIV, IMV","7 ICU","2 ICU",0
"13-Jul-2021 06:22","Norvik Hospital","NIV, IMV","5 ICU","FULL",0
"13-Jul-2021 06:22","Platinum hospital","NIV, IMV","4 ICU","FULL",0
"13-Jul-2021 06:22","Mengo Hospital","HFO & NIV","4 ICU","FULL",NA
"13-Jul-2021 06:22","Nsambya hospital","NIV, IMV","6 ICU","FULL",NA
"13-Jul-2021 06:22","Rubaga Hospital","NIV, IMV","3 ICU","1 ICU",NA
"13-Jul-2021 06:22","UMC Victoria Hospital","NIV, IMV","7 ICU & 7 HDU","FULL",NA
"13-Jul-2021 07:17","Nakasero hospital ltd","IMV & NIV","4 ICU/ 12 HDU","5 HDU",0
"13-Jul-2021 07:17","Kampala hospital ltd","IMV & NIV","4 ICU","3 ICU",0
"13-Jul-2021 07:17","International hospital kampala","IMV & NIV","4 ICU&3HDU","1 ICU",0
"13-Jul-2021 07:17","Medipal international hospital","HFO, NIV & IMV","9 ICU","3 ICU",0
"13-Jul-2021 07:17","TMR international hospital","NIV, IMV","17 ICU & 24HDU","3 ICU",0
"13-Jul-2021 07:17","Case medical centre","NIV, IMV","7 ICU","2 ICU",0
"13-Jul-2021 07:17","Norvik Hospital","NIV, IMV","5 ICU","FULL",0
"13-Jul-2021 07:17","Platinum hospital","NIV, IMV","4 ICU","FULL",0
"13-Jul-2021 07:17","Mengo Hospital","HFO & NIV","4 ICU","FULL",NA
"13-Jul-2021 07:17","Nsambya hospital","NIV, IMV","6 ICU","FULL",NA
"13-Jul-2021 07:17","Rubaga Hospital","NIV, IMV","3 ICU","1 ICU",NA
"13-Jul-2021 07:17","UMC Victoria Hospital","NIV, IMV","7 ICU & 7 HDU","FULL",NA
"13-Jul-2021 08:19","Nakasero hospital ltd","IMV & NIV","4 ICU/ 12 HDU","5 HDU",0
"13-Jul-2021 08:19","Kampala hospital ltd","IMV & NIV","4 ICU","3 ICU",0
"13-Jul-2021 08:19","International hospital kampala","IMV & NIV","4 ICU&3HDU","1 ICU",0
"13-Jul-2021 08:19","Medipal international hospital","HFO, NIV & IMV","9 ICU","3 ICU",0
"13-Jul-2021 08:19","TMR international hospital","NIV, IMV","17 ICU & 24HDU","3 ICU",0
"13-Jul-2021 08:19","Case medical centre","NIV, IMV","7 ICU","2 ICU",0
"13-Jul-2021 08:19","Norvik Hospital","NIV, IMV","5 ICU","FULL",0
"13-Jul-2021 08:19","Platinum hospital","NIV, IMV","4 ICU","FULL",0
"13-Jul-2021 08:19","Mengo Hospital","HFO & NIV","4 ICU","FULL",NA
"13-Jul-2021 08:19","Nsambya hospital","NIV, IMV","6 ICU","FULL",NA
"13-Jul-2021 08:19","Rubaga Hospital","NIV, IMV","3 ICU","1 ICU",NA
"13-Jul-2021 08:19","UMC Victoria Hospital","NIV, IMV","7 ICU & 7 HDU","FULL",NA
"13-Jul-2021 09:19","Nakasero hospital ltd","IMV & NIV","4 ICU/ 12 HDU","5 HDU",0
"13-Jul-2021 09:19","Kampala hospital ltd","IMV & NIV","4 ICU","3 ICU",0
"13-Jul-2021 09:19","International hospital kampala","IMV & NIV","4 ICU&3HDU","1 ICU",0
"13-Jul-2021 09:19","Medipal international hospital","HFO, NIV & IMV","9 ICU","3 ICU",0
"13-Jul-2021 09:19","TMR international hospital","NIV, IMV","17 ICU & 24HDU","3 ICU",0
"13-Jul-2021 09:19","Case medical centre","NIV, IMV","7 ICU","2 ICU",0
"13-Jul-2021 09:19","Norvik Hospital","NIV, IMV","5 ICU","FULL",0
"13-Jul-2021 09:19","Platinum hospital","NIV, IMV","4 ICU","FULL",0
"13-Jul-2021 09:19","Mengo Hospital","HFO & NIV","4 ICU","FULL",NA
"13-Jul-2021 09:19","Nsambya hospital","NIV, IMV","6 ICU","FULL",NA
"13-Jul-2021 09:19","Rubaga Hospital","NIV, IMV","3 ICU","1 ICU",NA
"13-Jul-2021 09:19","UMC Victoria Hospital","NIV, IMV","7 ICU & 7 HDU","FULL",NA
"13-Jul-2021 10:19","Nakasero hospital ltd","IMV & NIV","4 ICU/ 12 HDU","5 HDU",0
"13-Jul-2021 10:19","Kampala hospital ltd","IMV & NIV","4 ICU","3 ICU",0
"13-Jul-2021 10:19","International hospital kampala","IMV & NIV","4 ICU&3HDU","1 ICU",0
"13-Jul-2021 10:19","Medipal international hospital","HFO, NIV & IMV","9 ICU","3 ICU",0
"13-Jul-2021 10:19","TMR international hospital","NIV, IMV","17 ICU & 24HDU","3 ICU",0
"13-Jul-2021 10:19","Case medical centre","NIV, IMV","7 ICU","2 ICU",0
"13-Jul-2021 10:19","Norvik Hospital","NIV, IMV","5 ICU","FULL",0
"13-Jul-2021 10:19","Platinum hospital","NIV, IMV","4 ICU","FULL",0
"13-Jul-2021 10:19","Mengo Hospital","HFO & NIV","4 ICU","FULL",NA
"13-Jul-2021 10:19","Nsambya hospital","NIV, IMV","6 ICU","FULL",NA
"13-Jul-2021 10:19","Rubaga Hospital","NIV, IMV","3 ICU","1 ICU",NA
"13-Jul-2021 10:19","UMC Victoria Hospital","NIV, IMV","7 ICU & 7 HDU","FULL",NA
"13-Jul-2021 11:15","Nakasero hospital ltd","IMV & NIV","4 ICU/ 12 HDU","5 HDU",0
"13-Jul-2021 11:15","Kampala hospital ltd","IMV & NIV","4 ICU","3 ICU",0
"13-Jul-2021 11:15","International hospital kampala","IMV & NIV","4 ICU&3HDU","1 ICU",0
"13-Jul-2021 11:15","Medipal international hospital","HFO, NIV & IMV","9 ICU","3 ICU",0
"13-Jul-2021 11:15","TMR international hospital","NIV, IMV","17 ICU & 24HDU","3 ICU",0
"13-Jul-2021 11:15","Case medical centre","NIV, IMV","7 ICU","2 ICU",0
"13-Jul-2021 11:15","Norvik Hospital","NIV, IMV","5 ICU","FULL",0
"13-Jul-2021 11:15","Platinum hospital","NIV, IMV","4 ICU","FULL",0
"13-Jul-2021 11:15","Mengo Hospital","HFO & NIV","4 ICU","FULL",NA
"13-Jul-2021 11:15","Nsambya hospital","NIV, IMV","6 ICU","FULL",NA
"13-Jul-2021 11:15","Rubaga Hospital","NIV, IMV","3 ICU","1 ICU",NA
"13-Jul-2021 11:15","UMC Victoria Hospital","NIV, IMV","7 ICU & 7 HDU","FULL",NA
"13-Jul-2021 12:29","Nakasero hospital ltd","IMV & NIV","4 ICU/ 12 HDU","5 HDU",0
"13-Jul-2021 12:29","Kampala hospital ltd","IMV & NIV","4 ICU","3 ICU",0
"13-Jul-2021 12:29","International hospital kampala","IMV & NIV","4 ICU&3HDU","1 ICU",0
"13-Jul-2021 12:29","Medipal international hospital","HFO, NIV & IMV","9 ICU","3 ICU",0
"13-Jul-2021 12:29","TMR international hospital","NIV, IMV","17 ICU & 24HDU","3 ICU",0
"13-Jul-2021 12:29","Case medical centre","NIV, IMV","7 ICU","2 ICU",0
"13-Jul-2021 12:29","Norvik Hospital","NIV, IMV","5 ICU","FULL",0
"13-Jul-2021 12:29","Platinum hospital","NIV, IMV","4 ICU","FULL",0
"13-Jul-2021 12:29","Mengo Hospital","HFO & NIV","4 ICU","FULL",NA
"13-Jul-2021 12:29","Nsambya hospital","NIV, IMV","6 ICU","FULL",NA
"13-Jul-2021 12:29","Rubaga Hospital","NIV, IMV","3 ICU","1 ICU",NA
"13-Jul-2021 12:29","UMC Victoria Hospital","NIV, IMV","7 ICU & 7 HDU","FULL",NA
